time,ts_ms,price,volume
2025-07-02T16:00:00Z,1751474989938,0.996,10.0
2025-07-02T16:00:00Z,1751474989938,0.9959,10000.0
2025-07-02T16:00:00Z,1751474989938,0.9959,50000.0
2025-07-02T16:00:00Z,1751474989938,0.9955,1.0
2025-07-02T16:00:00Z,1751474989938,0.996,50.0
2025-07-02T16:00:00Z,1751474989938,0.996,20.0
2025-07-02T16:00:00Z,1751474989938,0.9951,50.0
2025-07-02T16:00:00Z,1751474989938,0.9951,2.0
2025-07-02T16:00:00Z,1751474989938,0.995,20.0
2025-07-02T16:00:00Z,1751474989938,0.995,1.0
2025-07-02T16:00:00Z,1751474989938,0.995,10.0
2025-07-02T16:00:00Z,1751474989938,0.995,10.0
2025-07-02T16:00:00Z,1751474989938,0.995,100.85
2025-07-02T16:00:00Z,1751474989938,0.9948,21270.59
2025-07-02T16:00:00Z,1751474989938,0.9945,1.0
2025-07-02T16:00:00Z,1751474989938,0.996,1.0
2025-07-02T16:00:00Z,1751474989938,0.9941,1.02
2025-07-02T16:00:00Z,1751474989938,0.9961,1.02
2025-07-02T16:00:00Z,1751474989938,0.9963,20933.42
2025-07-02T16:00:00Z,1751474989938,0.9966,38031.67
2025-07-02T16:00:00Z,1751474989938,0.9967,226.69
2025-07-02T16:00:00Z,1751474989938,0.9967,1.0
2025-07-02T16:00:00Z,1751474989938,0.9969,6.0
2025-07-02T16:00:00Z,1751474989938,0.997,5.0
2025-07-02T16:00:00Z,1751474989938,0.997,100.0
2025-07-02T16:00:00Z,1751474989938,0.997,2.0
2025-07-02T16:00:00Z,1751474989938,0.997,20.0
2025-07-02T16:00:00Z,1751474989938,0.9971,32761.12
2025-07-02T16:00:00Z,1751474989938,0.9971,1.02
2025-07-02T16:00:00Z,1751474989938,0.9975,11.02
2025-07-02T16:00:00Z,1751474989938,0.9976,27026.02
2025-07-02T16:00:00Z,1751474989938,0.9976,1000.0
2025-07-02T16:00:00Z,1751474989938,0.9978,10739.12
2025-07-02T16:00:00Z,1751474989938,0.9978,50000.0
2025-07-02T16:00:00Z,1751474989938,0.9979,100.21
2025-07-02T16:00:00Z,1751474989938,0.998,1310.74
2025-07-02T16:00:00Z,1751474989938,0.998,40.0
2025-07-02T16:00:00Z,1751474989938,0.998,465.16
2025-07-02T16:00:00Z,1751474989938,0.998,1.87
2025-07-02T16:00:00Z,1751474989938,0.994,10.0
2025-07-02T16:00:00Z,1751474989938,0.998,5.0
2025-07-02T16:00:00Z,1751474989938,0.998,50.1
2025-07-02T16:00:00Z,1751474989938,0.998,2.0
2025-07-02T16:00:00Z,1751474989938,0.998,2000.0
2025-07-02T16:00:00Z,1751474989938,0.998,20.0
2025-07-02T16:00:00Z,1751474989938,0.9981,2.0
2025-07-02T16:00:00Z,1751474989938,0.9982,25.0
2025-07-02T16:00:00Z,1751474989938,0.9983,2.4
2025-07-02T16:00:00Z,1751474989938,0.9983,350.0
2025-07-02T16:00:00Z,1751474989938,0.9983,2.0
2025-07-02T16:00:00Z,1751474989938,0.9984,10000.0
2025-07-02T16:00:00Z,1751474989938,0.9984,25.0
2025-07-02T16:00:00Z,1751474989938,0.9985,99.18
2025-07-02T16:00:00Z,1751474989938,0.9985,50.07
2025-07-02T16:00:00Z,1751474989938,0.9985,10000.0
2025-07-02T16:00:00Z,1751474989938,0.9985,10.0
2025-07-02T16:00:00Z,1751474989938,0.991,1.0
2025-07-02T16:00:00Z,1751474989938,0.9985,10.4
2025-07-02T16:00:00Z,1751474989938,0.9985,4.06
2025-07-02T16:00:00Z,1751474989938,0.994,20.0
2025-07-02T16:00:00Z,1751474989938,0.994,1.0
2025-07-02T16:00:00Z,1751474989938,0.9985,30.04
2025-07-02T16:00:00Z,1751474989938,0.9985,11.01
2025-07-02T16:00:00Z,1751474989938,0.991,10.0
2025-07-02T16:00:00Z,1751474989938,0.9905,1.0
2025-07-02T16:00:00Z,1751474989938,0.9905,45.37
2025-07-02T16:00:00Z,1751474989938,0.9903,1.01
2025-07-02T16:00:00Z,1751474989938,0.9903,5.0
2025-07-02T16:00:00Z,1751474989938,0.9901,2.0
2025-07-02T16:00:00Z,1751474989938,0.99,20.0
2025-07-02T16:00:00Z,1751474989938,0.99,2.31
2025-07-02T16:00:00Z,1751474989938,0.99,6.06
2025-07-02T16:00:00Z,1751474989938,0.99,1.01
2025-07-02T16:00:00Z,1751474989938,0.99,50000.0
2025-07-02T16:00:00Z,1751474989938,0.99,10.72
2025-07-02T16:00:00Z,1751474989938,0.99,6.01
2025-07-02T16:00:00Z,1751474989938,0.99,10.0
2025-07-02T16:00:00Z,1751474989938,0.9985,4.53
2025-07-02T16:00:00Z,1751474989938,0.99,500.0
2025-07-02T16:00:00Z,1751474989938,0.99,1919.84
2025-07-02T16:00:00Z,1751474989938,0.99,1.67
2025-07-02T16:00:00Z,1751474989938,0.991,10000.0
2025-07-02T16:00:00Z,1751474989938,0.9911,10.0
2025-07-02T16:00:00Z,1751474989938,0.9912,200.0
2025-07-02T16:00:00Z,1751474989938,0.9985,5.0
2025-07-02T16:00:00Z,1751474989938,0.9915,50000.0
2025-07-02T16:00:00Z,1751474989938,0.9986,99.16
2025-07-02T16:00:00Z,1751474989938,0.9986,10000.0
2025-07-02T16:00:00Z,1751474989938,0.9986,15.02
2025-07-02T16:00:00Z,1751474989938,0.9986,100.0
2025-07-02T16:00:00Z,1751474989938,0.9987,15103.2
2025-07-02T16:00:00Z,1751474989938,0.9987,2510.0
2025-07-02T16:00:00Z,1751474989938,0.9987,403.65
2025-07-02T16:00:00Z,1751474989938,0.9987,10000.0
2025-07-02T16:00:00Z,1751474989938,0.9987,5.0
2025-07-02T16:00:00Z,1751474989938,0.9987,249.93
2025-07-02T16:00:00Z,1751474989938,0.9987,10.01
2025-07-02T16:00:00Z,1751474989938,0.9987,500.0
2025-07-02T16:00:00Z,1751474989938,0.9988,40.04
2025-07-02T16:00:00Z,1751474989938,0.9988,10000.0
2025-07-02T16:00:00Z,1751474989938,0.9988,10.02
2025-07-02T16:00:00Z,1751474989938,0.9988,4.02
2025-07-02T16:00:00Z,1751474989938,0.9988,200.0
2025-07-02T16:00:00Z,1751474989938,0.9988,100.0
2025-07-02T16:00:00Z,1751474989938,0.9988,20.02
2025-07-02T16:00:00Z,1751474989938,0.9915,1.0
2025-07-02T16:00:00Z,1751474989938,0.9988,500.0
2025-07-02T16:00:00Z,1751474989938,0.9933,10596.76
2025-07-02T16:00:00Z,1751474989938,0.9988,25.0
2025-07-02T16:00:00Z,1751474989938,0.9988,5.0
2025-07-02T16:00:00Z,1751474989938,0.9989,250.0
2025-07-02T16:00:00Z,1751474989938,0.9989,2.0
2025-07-02T16:00:00Z,1751474989938,0.9989,10000.0
2025-07-02T16:00:00Z,1751474989938,0.9989,1.2
2025-07-02T16:00:00Z,1751474989938,0.9989,1001.1
2025-07-02T16:00:00Z,1751474989938,0.9989,1.35
2025-07-02T16:00:00Z,1751474989938,0.9989,2.0
2025-07-02T16:00:00Z,1751474989938,0.9989,32.0
2025-07-02T16:00:00Z,1751474989938,0.9989,106.27
2025-07-02T16:00:00Z,1751474989938,0.9989,288.92
2025-07-02T16:00:00Z,1751474989938,0.992,10.0
2025-07-02T16:00:00Z,1751474989938,0.992,274.35
2025-07-02T16:00:00Z,1751474989938,0.9931,2.0
2025-07-02T16:00:00Z,1751474989938,0.992,25.0
2025-07-02T16:00:00Z,1751474989938,0.9935,1.0
2025-07-02T16:00:00Z,1751474989938,0.992,3.5
2025-07-02T16:00:00Z,1751474989938,0.993,20.0
2025-07-02T16:00:00Z,1751474989938,0.992,1.0
2025-07-02T16:00:00Z,1751474989938,0.993,1.0
2025-07-02T16:00:00Z,1751474989938,0.993,10.0
2025-07-02T16:00:00Z,1751474989938,0.996,100.4
2025-07-02T16:00:00Z,1751474989938,0.9929,2.32
2025-07-02T16:00:00Z,1751474989938,0.9939,50000.0
2025-07-02T16:00:00Z,1751474989938,0.9921,1.02
2025-07-02T16:00:00Z,1751474989938,0.9923,5.04
2025-07-02T16:00:00Z,1751474989938,0.9925,1.0
2025-07-02T16:00:00Z,1751474994613,0.9912,4521.41
2025-07-02T16:00:00Z,1751474994613,0.992,181.45
2025-07-02T16:00:00Z,1751474994613,0.9912,15.44
2025-07-02T16:00:00Z,1751474994613,0.9921,241.92
2025-07-02T16:00:00Z,1751474994613,0.9912,201.78
2025-07-02T16:00:00Z,1751474994613,0.9921,503.99
2025-07-02T16:00:00Z,1751474994613,0.9921,20.1
2025-07-02T16:00:00Z,1751474994613,0.9912,504.44
2025-07-02T16:00:00Z,1751474994613,0.9912,1008.88
2025-07-02T16:00:00Z,1751474994613,0.9912,201.78
2025-07-02T16:00:00Z,1751474994613,0.9912,2522.2
2025-07-02T16:00:00Z,1751474994613,0.9911,8276.75
2025-07-02T16:00:00Z,1751474994613,0.9911,201.8
2025-07-02T16:00:00Z,1751474994613,0.9911,1008.98
2025-07-02T16:00:00Z,1751474994613,0.9911,242.16
2025-07-02T16:00:00Z,1751474994613,0.9911,1008.98
2025-07-02T16:00:00Z,1751474994613,0.9911,302.7
2025-07-02T16:00:00Z,1751474994613,0.9911,504.49
2025-07-02T16:00:00Z,1751474994613,0.9921,402.05
2025-07-02T16:00:00Z,1751474994613,0.9922,503.94
2025-07-02T16:00:00Z,1751474994613,0.9922,10078.61
2025-07-02T16:00:00Z,1751474994613,0.9922,201.58
2025-07-02T16:00:00Z,1751474994613,0.9922,1007.87
2025-07-02T16:00:00Z,1751474994613,0.991,50373.09
2025-07-02T16:00:00Z,1751474994613,0.9922,201.58
2025-07-02T16:00:00Z,1751474994613,0.9923,201.56
2025-07-02T16:00:00Z,1751474994613,0.991,50373.09
2025-07-02T16:00:00Z,1751474994613,0.991,1009.09
2025-07-02T16:00:00Z,1751474994613,0.991,504.55
2025-07-02T16:00:00Z,1751474994613,0.991,504.55
2025-07-02T16:00:00Z,1751474994613,0.9923,8062.07
2025-07-02T16:00:00Z,1751474994613,0.991,201.82
2025-07-02T16:00:00Z,1751474994613,0.9923,15559.81
2025-07-02T16:00:00Z,1751474994613,0.9924,2519.15
2025-07-02T16:00:00Z,1751474994613,0.991,201.82
2025-07-02T16:00:00Z,1751474994613,0.9925,503.78
2025-07-02T16:00:00Z,1751474994613,0.9909,1006.36
2025-07-02T16:00:00Z,1751474994613,0.9909,504.6
2025-07-02T16:00:00Z,1751474994613,0.9925,503.78
2025-07-02T16:00:00Z,1751474994613,0.9909,1009.19
2025-07-02T16:00:00Z,1751474994613,0.9909,504.6
2025-07-02T16:00:00Z,1751474994613,0.9909,1009.19
2025-07-02T16:00:00Z,1751474994613,0.9925,20.15
2025-07-02T16:00:00Z,1751474994613,0.9909,403.68
2025-07-02T16:00:00Z,1751474994613,0.9926,5052.38
2025-07-02T16:00:00Z,1751474994613,0.9909,1009.19
2025-07-02T16:00:00Z,1751474994613,0.9909,504.6
2025-07-02T16:00:00Z,1751474994613,0.9926,670.96
2025-07-02T16:00:00Z,1751474994613,0.9907,136.26
2025-07-02T16:00:00Z,1751474994613,0.9907,201.87
2025-07-02T16:00:00Z,1751474994613,0.9906,551.18
2025-07-02T16:00:00Z,1751474994613,0.9906,151.42
2025-07-02T16:00:00Z,1751474994613,0.9905,10.06
2025-07-02T16:00:00Z,1751474994613,0.9905,10.06
2025-07-02T16:00:00Z,1751474994613,0.9926,302.24
2025-07-02T16:00:00Z,1751474994613,0.9904,8282.6
2025-07-02T16:00:00Z,1751474994613,0.9904,127375.14
2025-07-02T16:00:00Z,1751474994613,0.9926,1007.46
2025-07-02T16:00:00Z,1751474994613,0.9918,201.66
2025-07-02T16:00:00Z,1751474994613,0.9918,671.5
2025-07-02T16:00:00Z,1751474994613,0.9918,1008.27
2025-07-02T16:00:00Z,1751474994613,0.9926,201.5
2025-07-02T16:00:00Z,1751474994613,0.9926,1007.46
2025-07-02T16:00:00Z,1751474994613,0.9926,2014.91
2025-07-02T16:00:00Z,1751474994613,0.9918,504.14
2025-07-02T16:00:00Z,1751474994613,0.9926,1007.46
2025-07-02T16:00:00Z,1751474994613,0.9926,503.73
2025-07-02T16:00:00Z,1751474994613,0.9926,402.98
2025-07-02T16:00:00Z,1751474994613,0.9918,5226.86
2025-07-02T16:00:00Z,1751474994613,0.9918,8270.9
2025-07-02T16:00:00Z,1751474994613,0.9927,1007.36
2025-07-02T16:00:00Z,1751474994613,0.9919,1008.17
2025-07-02T16:00:00Z,1751474994613,0.9927,1007.36
2025-07-02T16:00:00Z,1751474994613,0.9919,1495.09
2025-07-02T16:00:00Z,1751474994613,0.9918,504.14
2025-07-02T16:00:00Z,1751474994613,0.9919,1008.17
2025-07-02T16:00:00Z,1751474994613,0.9927,15553.54
2025-07-02T16:00:00Z,1751474994613,0.9927,1007.35
2025-07-02T16:00:00Z,1751474994613,0.9928,2518.14
2025-07-02T16:00:00Z,1751474994613,0.9928,5221.59
2025-07-02T16:00:00Z,1751474994613,0.9929,10071.5
2025-07-02T16:00:00Z,1751474994613,0.9929,670.76
2025-07-02T16:00:00Z,1751474994613,0.9929,2014.3
2025-07-02T16:00:00Z,1751474994613,0.993,503.53
2025-07-02T16:00:00Z,1751474994613,0.993,20933.42
2025-07-02T16:00:00Z,1751474994613,0.9931,5220.01
2025-07-02T16:00:00Z,1751474994613,0.9931,8055.58
2025-07-02T16:00:00Z,1751474994613,0.9932,15545.71
2025-07-02T16:00:00Z,1751474994613,0.9917,10.05
2025-07-02T16:00:00Z,1751474994613,0.9917,504.19
2025-07-02T16:00:00Z,1751474994613,0.9917,1008.37
2025-07-02T16:00:00Z,1751474994613,0.9932,38031.67
2025-07-02T16:00:00Z,1751474994613,0.9919,504.09
2025-07-02T16:00:00Z,1751474994613,0.9933,494.71
2025-07-02T16:00:00Z,1751474994613,0.9919,80.49
2025-07-02T16:00:00Z,1751474994613,0.9936,1006.44
2025-07-02T16:00:00Z,1751474994613,0.9919,1345.58
2025-07-02T16:00:00Z,1751474994613,0.9936,1811.59
2025-07-02T16:00:00Z,1751474994613,0.9937,1006.33
2025-07-02T16:00:00Z,1751474994613,0.9938,32761.12
2025-07-02T16:00:00Z,1751474994613,0.9939,1006.13
2025-07-02T16:00:00Z,1751474994613,0.9943,502.86
2025-07-02T16:00:00Z,1751474994613,0.9943,27026.02
2025-07-02T16:00:00Z,1751474994613,0.9944,1005.63
2025-07-02T16:00:00Z,1751474994613,0.9946,10739.12
2025-07-02T16:00:00Z,1751474994613,0.995,16000.0
2025-07-02T16:00:00Z,1751474994613,0.9956,1771.05
2025-07-02T16:00:00Z,1751474994613,0.9956,213.26
2025-07-02T16:00:00Z,1751474994613,0.9975,15000.0
2025-07-02T16:00:00Z,1751474994613,0.9982,10000.0
2025-07-02T16:00:00Z,1751474994613,0.9982,10000.0
2025-07-02T16:00:00Z,1751474994613,0.9983,10000.0
2025-07-02T16:00:00Z,1751474994613,0.9983,10000.0
2025-07-02T16:00:00Z,1751474994613,0.9985,7500.0
2025-07-02T16:00:00Z,1751474994613,0.9985,7500.0
2025-07-02T16:00:00Z,1751474994613,0.9986,99.14
2025-07-02T16:00:00Z,1751474994613,0.9986,3000.0
2025-07-02T16:00:00Z,1751474994613,0.9987,99.12
2025-07-02T16:00:00Z,1751474994613,0.9987,2510.0
2025-07-02T16:00:00Z,1751474994613,0.9987,11805.84
2025-07-02T16:00:00Z,1751474994613,0.9987,3.75
2025-07-02T16:00:00Z,1751474994613,0.9987,7500.0
2025-07-02T16:00:00Z,1751474994613,0.9987,7500.0
2025-07-02T16:00:00Z,1751474994613,0.9989,7500.0
2025-07-02T16:00:00Z,1751474994613,0.9918,1008.27
2025-07-02T16:00:00Z,1751474994613,0.992,8064.51
2025-07-02T16:00:00Z,1751474994613,0.992,201.62
2025-07-02T16:00:00Z,1751474994613,0.9913,2017.55
2025-07-02T16:00:00Z,1751474994613,0.9913,21270.59
2025-07-02T16:00:00Z,1751474994613,0.992,50322.31
2025-07-02T16:00:00Z,1751474994613,0.9914,2521.69
2025-07-02T16:00:00Z,1751474994613,0.992,100.81
2025-07-02T16:00:00Z,1751474994613,0.9915,504.29
2025-07-02T16:00:00Z,1751474994613,0.9915,1512.85
2025-07-02T16:00:00Z,1751474994613,0.992,504.04
2025-07-02T16:00:00Z,1751474994613,0.992,403.23
2025-07-02T16:00:00Z,1751474994613,0.992,504.04
2025-07-02T16:00:00Z,1751474994613,0.9915,302.1
2025-07-02T16:00:00Z,1751474994613,0.992,1008.07
2025-07-02T16:00:00Z,1751474994613,0.9916,1008.48
2025-07-02T16:00:00Z,1751474994613,0.9917,504.19
2025-07-02T16:00:00Z,1751474994613,0.992,302.42
2025-07-02T16:00:00Z,1751474994686,0.9987,99.1
2025-07-02T16:00:00Z,1751474994686,0.9986,99.14
2025-07-02T16:00:00Z,1751474994689,0.9978,4521.41
2025-07-02T16:00:00Z,1751474994696,0.9982,100.0
2025-07-02T16:00:00Z,1751474994696,0.9982,2000.0
2025-07-02T16:00:00Z,1751474994700,0.9982,100.0
2025-07-02T16:00:00Z,1751474994700,0.9982,745.94
2025-07-02T16:00:00Z,1751474994701,0.9982,250.0
2025-07-02T16:00:00Z,1751474994704,0.9982,1202.1
2025-07-02T16:00:00Z,1751474994704,0.9982,1202.1
2025-07-02T16:00:00Z,1751474994705,0.9982,11508.07
2025-07-02T16:00:00Z,1751474994705,0.9982,980.3
2025-07-02T16:00:00Z,1751474994705,0.9982,6802.22
2025-07-02T16:00:00Z,1751474994705,0.9982,36834.13
2025-07-02T16:00:00Z,1751474994705,0.9982,1202.1
2025-07-02T16:00:00Z,1751474994706,0.9982,100.0
2025-07-02T16:00:00Z,1751474994707,0.9982,43636.37
2025-07-02T16:00:00Z,1751474994709,0.9982,98.77
2025-07-02T16:00:00Z,1751474994709,0.9982,11.52
2025-07-02T16:00:00Z,1751474994709,0.9982,1202.1
2025-07-02T16:00:00Z,1751474994709,0.9982,73.72
2025-07-02T16:00:00Z,1751474994709,0.9982,893.11
2025-07-02T16:00:00Z,1751474994711,0.9982,100.0
2025-07-02T16:00:00Z,1751474994712,0.9981,10.06
2025-07-02T16:00:00Z,1751474994714,0.9982,40.72
2025-07-02T16:00:00Z,1751474994715,0.9982,8282.6
2025-07-02T16:00:00Z,1751474994715,0.9982,20.0
2025-07-02T16:00:00Z,1751474994715,0.9982,10.05
2025-07-02T16:00:00Z,1751474994715,0.9982,8270.9
2025-07-02T16:00:00Z,1751474994715,0.9982,8236.03
2025-07-02T16:00:00Z,1751474994715,0.9982,20.0
2025-07-02T16:00:00Z,1751474994715,0.9982,10000.0
2025-07-02T16:00:00Z,1751474994716,0.9988,7974.48
2025-07-02T16:00:00Z,1751474994719,0.9988,1202.1
2025-07-02T16:00:00Z,1751474994719,0.9988,1202.1
2025-07-02T16:00:00Z,1751474994722,0.9982,10.06
2025-07-02T16:00:00Z,1751474994724,0.9987,1980.0
2025-07-02T16:00:00Z,1751474994725,0.9987,1202.1
2025-07-02T16:00:00Z,1751474994727,0.9987,1202.1
2025-07-02T16:00:00Z,1751474994728,0.9987,1202.1
2025-07-02T16:00:00Z,1751474994729,0.9982,80.49
2025-07-02T16:00:00Z,1751474994729,0.9988,1828.13
2025-07-02T16:00:00Z,1751474994729,0.9987,23261.6
2025-07-02T16:00:00Z,1751474994729,0.9987,1202.1
2025-07-02T16:00:00Z,1751474994734,0.9988,100.0
2025-07-02T16:00:00Z,1751474994740,0.9988,100.0
2025-07-02T16:00:00Z,1751474994745,0.9988,100.0
2025-07-02T16:00:00Z,1751474994747,0.9988,1201.37
2025-07-02T16:00:00Z,1751474994748,0.9988,1201.37
2025-07-02T16:00:00Z,1751474994749,0.9988,100.0
2025-07-02T16:00:00Z,1751474994750,0.9988,94.63
2025-07-02T16:00:00Z,1751474994754,0.9988,100.0
2025-07-02T16:00:00Z,1751474994755,0.9988,745.97
2025-07-02T16:00:00Z,1751474994758,0.9988,100.0
2025-07-02T16:00:00Z,1751474994763,0.9988,511.14
2025-07-02T16:00:00Z,1751474994763,0.9988,100.0
2025-07-02T16:00:00Z,1751474994763,0.9988,1979.9
2025-07-02T16:00:00Z,1751474994764,0.9988,1201.37
2025-07-02T16:00:00Z,1751474994765,0.9988,1201.37
2025-07-02T16:00:00Z,1751474994765,0.9988,1201.37
2025-07-02T16:00:00Z,1751474994768,0.9988,493.31
2025-07-02T16:00:00Z,1751474994768,0.9988,100.0
2025-07-02T16:00:00Z,1751474994768,0.9988,1201.37
2025-07-02T16:00:00Z,1751474994771,0.9988,130.51
2025-07-02T16:00:00Z,1751474994773,0.9988,100.0
2025-07-02T16:00:00Z,1751474994773,0.9988,192.41
2025-07-02T16:00:00Z,1751474994773,0.9988,132.04
2025-07-02T16:00:00Z,1751474994774,0.9988,114.17
2025-07-02T16:00:00Z,1751474994776,0.9988,1201.29
2025-07-02T16:00:00Z,1751474994777,0.9988,1202.0
2025-07-02T16:00:00Z,1751474994778,0.9988,1201.37
2025-07-02T16:00:00Z,1751474994778,0.9988,1201.37
2025-07-02T16:00:00Z,1751474994778,0.9988,100.0
2025-07-02T16:00:00Z,1751474994779,0.9988,1200.0
2025-07-02T16:00:00Z,1751474994779,0.9988,1201.37
2025-07-02T16:00:00Z,1751474994779,0.9987,50.02
2025-07-02T16:00:00Z,1751474994780,0.9986,403.27
2025-07-02T16:00:00Z,1751474994780,0.9986,241.91
2025-07-02T16:00:00Z,1751474994780,0.9987,554.82
2025-07-02T16:00:00Z,1751474994781,0.9987,346.77
2025-07-02T16:00:00Z,1751474994782,0.9987,56.26
2025-07-02T16:00:00Z,1751474994782,0.9988,1145.11
2025-07-02T16:00:00Z,1751474994782,0.9987,271.05
2025-07-02T16:00:00Z,1751474994783,0.9987,1265.93
2025-07-02T16:00:00Z,1751474994783,0.9987,1979.9
2025-07-02T16:00:00Z,1751474994783,0.9987,100.0
2025-07-02T16:00:00Z,1751474994783,0.9987,335.33
2025-07-02T16:00:00Z,1751474994783,0.9987,454.89
2025-07-02T16:00:00Z,1751474994783,0.9987,1460.23
2025-07-02T16:00:00Z,1751474994783,0.9987,583.64
2025-07-02T16:00:00Z,1751474994783,0.9987,866.96
2025-07-02T16:00:00Z,1751474994784,0.9987,278.75
2025-07-02T16:00:00Z,1751474994784,0.9987,362.5
2025-07-02T16:00:00Z,1751474994784,0.9987,384.08
2025-07-02T16:00:00Z,1751474994784,0.9987,392.75
2025-07-02T16:00:00Z,1751474994784,0.9988,46.01
2025-07-02T16:00:00Z,1751474994785,0.9988,261.32
2025-07-02T16:00:00Z,1751474994785,0.9988,342.85
2025-07-02T16:00:00Z,1751474994785,0.9988,453.71
2025-07-02T16:00:00Z,1751474994787,0.9983,300.51
2025-07-02T16:00:00Z,1751474994787,0.9983,705.85
2025-07-02T16:00:00Z,1751474994788,0.9988,100.0
2025-07-02T16:00:00Z,1751474994788,0.9988,1201.29
2025-07-02T16:00:00Z,1751474994789,0.9988,1201.37
2025-07-02T16:00:00Z,1751474994790,0.9988,522.0
2025-07-02T16:00:00Z,1751474994793,0.9988,1201.37
2025-07-02T16:00:00Z,1751474994793,0.9988,1201.37
2025-07-02T16:00:00Z,1751474994794,0.9988,1201.37
2025-07-02T16:00:00Z,1751474994795,0.9988,56.26
2025-07-02T16:00:00Z,1751474994801,0.9988,100.0
2025-07-02T16:00:00Z,1751474994802,0.9988,1201.37
2025-07-02T16:00:00Z,1751474994803,0.9988,1979.9
2025-07-02T16:00:00Z,1751474994806,0.9987,100.0
2025-07-02T16:00:00Z,1751474994808,0.9987,56.18
2025-07-02T16:00:00Z,1751474994808,0.9987,56.18
2025-07-02T16:00:00Z,1751474994808,0.9987,291.57
2025-07-02T16:00:00Z,1751474994808,0.9988,909.8
2025-07-02T16:00:00Z,1751474994808,0.9988,1201.37
2025-07-02T16:00:00Z,1751474994809,0.9988,1201.37
2025-07-02T16:00:00Z,1751474994810,0.9988,746.04
2025-07-02T16:00:00Z,1751474994810,0.9988,7969.71
2025-07-02T16:00:00Z,1751474994811,0.9988,100.0
2025-07-02T16:00:00Z,1751474994811,0.9988,1067.0
2025-07-02T16:00:00Z,1751474994812,0.9988,250.0
2025-07-02T16:00:00Z,1751474994816,0.9988,100.0
2025-07-02T16:00:00Z,1751474994819,0.9988,1067.0
2025-07-02T16:00:00Z,1751474994821,0.9988,100.0
2025-07-02T16:00:00Z,1751474994823,0.9988,1201.37
2025-07-02T16:00:00Z,1751474994824,0.9988,1201.37
2025-07-02T16:00:00Z,1751474994824,0.9988,1201.37
2025-07-02T16:00:00Z,1751474994825,0.9988,100.0
2025-07-02T16:00:00Z,1751474994825,0.9988,1979.9
2025-07-02T16:00:00Z,1751474994827,0.9988,62747.03
2025-07-02T16:00:00Z,1751474994827,0.9988,10000.0
2025-07-02T16:00:00Z,1751474994827,0.9988,705.0
2025-07-02T16:00:00Z,1751474994827,0.9989,201.59
2025-07-02T16:00:00Z,1751474994827,0.9989,100.7
2025-07-02T16:00:00Z,1751474994827,0.9989,201.37
2025-07-02T16:00:00Z,1751474995146,0.9987,1067.0
2025-07-02T16:00:00Z,1751474995146,0.9987,99.0
2025-07-02T16:00:00Z,1751474995146,0.9987,1067.0
2025-07-02T16:00:00Z,1751474995146,0.9987,1067.0
2025-07-02T16:00:00Z,1751474995146,0.9987,1067.0
2025-07-02T16:00:00Z,1751474995146,0.9986,842.87
2025-07-02T16:00:00Z,1751474995166,0.9988,100.0
2025-07-02T16:00:00Z,1751474995170,0.9988,303.53
2025-07-02T16:00:00Z,1751474995170,0.9988,100.0
2025-07-02T16:00:00Z,1751474995366,0.9988,100.0
2025-07-02T16:00:00Z,1751474995366,0.9989,50.02
2025-07-02T16:00:00Z,1751474995367,0.9988,13.0
2025-07-02T16:00:00Z,1751474995373,0.9987,99.0
2025-07-02T16:00:00Z,1751474995376,0.9987,100.0
2025-07-02T16:00:00Z,1751474995379,0.9987,304.58
2025-07-02T16:00:00Z,1751474995379,0.9988,557.1
2025-07-02T16:00:00Z,1751474995380,0.9988,500.0
2025-07-02T16:00:00Z,1751474995381,0.9988,1007.16
2025-07-02T16:00:00Z,1751474995381,0.9988,670.96
2025-07-02T16:00:00Z,1751474995381,0.9988,5822.46
2025-07-18T10:00:00Z,1752833584517,0.9985,2.0
2025-07-18T10:00:00Z,1752833584517,0.9987,10.01
2025-07-18T10:00:00Z,1752833584517,0.9981,3888.49
2025-07-18T10:00:00Z,1752833584517,0.9982,2.0
2025-07-18T10:00:00Z,1752833584517,0.9982,2.0
2025-07-18T10:00:00Z,1752833584517,0.9982,2.0
2025-07-18T10:00:00Z,1752833584517,0.9982,5.0
2025-07-18T10:00:00Z,1752833584517,0.9982,5.0
2025-07-18T10:00:00Z,1752833584517,0.9981,25.99
2025-07-18T10:00:00Z,1752833584517,0.9981,10.08
2025-07-18T10:00:00Z,1752833584517,0.9981,5.0
2025-07-18T10:00:00Z,1752833584517,0.9981,3.0
2025-07-18T10:00:00Z,1752833584517,0.998,10.0
2025-07-18T10:00:00Z,1752833584517,0.998,2500.0
2025-07-18T10:00:00Z,1752833584517,0.998,1400.94
2025-07-18T10:00:00Z,1752833584517,0.998,200.0
2025-07-18T10:00:00Z,1752833584517,0.9978,1400.94
2025-07-18T10:00:00Z,1752833584517,0.9982,1400.94
2025-07-18T10:00:00Z,1752833584517,0.9983,2.0
2025-07-18T10:00:00Z,1752833584517,0.9977,3816.1
2025-07-18T10:00:00Z,1752833584517,0.9977,10747.68
2025-07-18T10:00:00Z,1752833584517,0.9976,1402.63
2025-07-18T10:00:00Z,1752833584517,0.9975,2.0
2025-07-18T10:00:00Z,1752833584517,0.9983,2.0
2025-07-18T10:00:00Z,1752833584517,0.9984,13857.46
2025-07-18T10:00:00Z,1752833584517,0.9975,147.13
2025-07-18T10:00:00Z,1752833584517,0.9984,3.87
2025-07-18T10:00:00Z,1752833584517,0.9975,27348.2
2025-07-18T10:00:00Z,1752833584517,0.9973,3733.36
2025-07-18T10:00:00Z,1752833584517,0.9972,19.0
2025-07-18T10:00:00Z,1752833584517,0.997,10.0
2025-07-18T10:00:00Z,1752833584517,0.997,31800.98
2025-07-18T10:00:00Z,1752833584517,0.9969,3650.63
2025-07-18T10:00:00Z,1752833584517,0.9984,932.98
2025-07-18T10:00:00Z,1752833584517,0.9965,3567.89
2025-07-18T10:00:00Z,1752833584517,0.9985,2510.0
2025-07-18T10:00:00Z,1752833584517,0.9989,1009.73
2025-07-18T10:00:00Z,1752833584517,0.9989,2002.2
2025-07-18T10:00:00Z,1752833584517,0.9989,250.0
2025-07-18T10:00:00Z,1752833584517,0.9989,100.0
2025-07-18T10:00:00Z,1752833584517,0.9985,2.0
2025-07-18T10:00:00Z,1752833584517,0.9989,4856.0
2025-07-18T10:00:00Z,1752833584517,0.9985,2.0
2025-07-18T10:00:00Z,1752833584517,0.9985,2.0
2025-07-18T10:00:00Z,1752833584517,0.9989,10.01
2025-07-18T10:00:00Z,1752833584517,0.9989,3.0
2025-07-18T10:00:00Z,1752833584517,0.9965,38032.74
2025-07-18T10:00:00Z,1752833584517,0.9989,5.0
2025-07-18T10:00:00Z,1752833584517,0.9989,2.0
2025-07-18T10:00:00Z,1752833584517,0.9989,2.0
2025-07-18T10:00:00Z,1752833584517,0.9989,2.0
2025-07-18T10:00:00Z,1752833584517,0.9989,5000.0
2025-07-18T10:00:00Z,1752833584517,0.9962,3485.16
2025-07-18T10:00:00Z,1752833584517,0.9988,807.92
2025-07-18T10:00:00Z,1752833584517,0.9962,16286.89
2025-07-18T10:00:00Z,1752833584517,0.9988,5.12
2025-07-18T10:00:00Z,1752833584517,0.9988,250.0
2025-07-18T10:00:00Z,1752833584517,0.9985,2.0
2025-07-18T10:00:00Z,1752833584517,0.9985,2.0
2025-07-18T10:00:00Z,1752833584517,0.9962,21865.72
2025-07-18T10:00:00Z,1752833584517,0.996,10.0
2025-07-18T10:00:00Z,1752833584517,0.9958,3402.43
2025-07-18T10:00:00Z,1752833584517,0.9988,20.0
2025-07-18T10:00:00Z,1752833584517,0.9985,2.0
2025-07-18T10:00:00Z,1752833584517,0.9954,25.0
2025-07-18T10:00:00Z,1752833584517,0.9988,16.0
2025-07-18T10:00:00Z,1752833584517,0.9954,3330.03
2025-07-18T10:00:00Z,1752833584517,0.9951,1.1
2025-07-18T10:00:00Z,1752833584517,0.9951,595848.9
2025-07-18T10:00:00Z,1752833584517,0.9988,10.01
2025-07-18T10:00:00Z,1752833584517,0.9985,3.0
2025-07-18T10:00:00Z,1752833584517,0.9985,3.0
2025-07-18T10:00:00Z,1752833584517,0.9985,3.0
2025-07-18T10:00:00Z,1752833584517,0.9985,3.0
2025-07-18T10:00:00Z,1752833584517,0.9988,3.0
2025-07-18T10:00:00Z,1752833584517,0.9988,5.0
2025-07-18T10:00:00Z,1752833584517,0.9985,3.0
2025-07-18T10:00:00Z,1752833584517,0.9985,5.0
2025-07-18T10:00:00Z,1752833584517,0.9985,932.98
2025-07-18T10:00:00Z,1752833584517,0.9985,5.0
2025-07-18T10:00:00Z,1752833584517,0.9988,2.0
2025-07-18T10:00:00Z,1752833584517,0.9985,1565.46
2025-07-18T10:00:00Z,1752833584517,0.9985,20.49
2025-07-18T10:00:00Z,1752833584517,0.9985,3971.22
2025-07-18T10:00:00Z,1752833584517,0.9987,19.0
2025-07-18T10:00:00Z,1752833584517,0.9986,2.0
2025-07-18T10:00:00Z,1752833584517,0.9987,300.0
2025-07-18T10:00:00Z,1752833584517,0.9986,2.0
2025-07-18T10:00:00Z,1752833584517,0.9986,5.0
2025-07-18T10:00:00Z,1752833584517,0.9986,3.0
2025-07-18T10:00:00Z,1752833584517,0.9986,10.01
2025-07-18T10:00:00Z,1752833584517,0.9987,2.0
2025-07-18T10:00:00Z,1752833584517,0.9987,2.0
2025-07-18T10:00:00Z,1752833584517,0.9987,5.0
2025-07-18T10:00:00Z,1752833584517,0.9987,3.0
2025-07-18T10:00:00Z,1752833584517,0.9987,758.07
2025-07-18T10:00:00Z,1752833584517,0.9987,2.0
2025-07-18T10:00:00Z,1752833584517,0.9987,3.0
2025-07-18T10:00:00Z,1752833584517,0.9987,3.0
2025-07-18T10:00:00Z,1752833584517,0.9987,1043.43
2025-07-18T10:00:00Z,1752833584517,0.9987,932.98
2025-07-18T10:00:00Z,1752833584553,0.9975,1452.93
2025-07-18T10:00:00Z,1752833584555,0.9975,333.19
2025-07-18T10:00:00Z,1752833584562,0.9975,373.18
2025-07-18T10:00:00Z,1752833584562,0.9975,186.89
2025-07-18T10:00:00Z,1752833584562,0.9975,188.65
2025-07-18T10:00:00Z,1752833584563,0.9975,188.42
2025-07-18T10:00:00Z,1752833584563,0.9975,690.4
2025-07-18T10:00:00Z,1752833584563,0.9975,185.54
2025-07-18T10:00:00Z,1752833584563,0.9975,205.92
2025-07-18T10:00:00Z,1752833584563,0.9975,5334.08
2025-07-18T10:00:00Z,1752833584563,0.9975,3.99
2025-07-18T10:00:00Z,1752833584563,0.9975,650.66
2025-07-18T10:00:00Z,1752833584563,0.9975,1750.16
2025-07-18T10:00:00Z,1752833584563,0.9975,351.09
2025-07-18T10:00:00Z,1752833584564,0.9975,5326.49
2025-07-18T10:00:00Z,1752833584565,0.9975,1202.88
2025-07-18T10:00:00Z,1752833584566,0.9975,66.26
2025-07-18T10:00:00Z,1752833584567,0.9975,1202.88
2025-07-18T10:00:00Z,1752833584567,0.9975,5040.49
2025-07-18T10:00:00Z,1752833584567,0.9975,1980.1
2025-07-18T10:00:00Z,1752833584568,0.9975,1202.88
2025-07-18T10:00:00Z,1752833584568,0.9975,1202.88
2025-07-18T10:00:00Z,1752833584568,0.9975,285.91
2025-07-18T10:00:00Z,1752833584570,0.9975,1202.88
2025-07-18T10:00:00Z,1752833584572,0.9975,1202.94
2025-07-18T10:00:00Z,1752833584572,0.9975,1202.99
2025-07-18T10:00:00Z,1752833584572,0.9975,500.0
2025-07-18T10:00:00Z,1752833584573,0.9975,729.6
2025-07-18T10:00:00Z,1752833584573,0.9975,4296.08
2025-07-18T10:00:00Z,1752833584573,0.9975,4292.26
2025-07-18T10:00:00Z,1752833584573,0.9975,638.06
2025-07-18T10:00:00Z,1752833584573,0.9975,392.01
2025-07-18T10:00:00Z,1752833584574,0.9975,181.82
2025-07-18T10:00:00Z,1752833584574,0.9975,249.43
2025-07-18T10:00:00Z,1752833584575,0.9975,206.16
2025-07-18T10:00:00Z,1752833584579,0.9975,185.54
2025-07-18T10:00:00Z,1752833584579,0.9975,80.55
2025-07-18T10:00:00Z,1752833584580,0.9975,502.72
2025-07-18T10:00:00Z,1752833584581,0.9975,103.46
2025-07-18T10:00:00Z,1752833584582,0.9975,1202.99
2025-07-18T10:00:00Z,1752833584582,0.9975,7.53
2025-07-18T10:00:00Z,1752833584584,0.9975,1202.99
2025-07-18T10:00:00Z,1752833584586,0.9975,1202.99
2025-07-18T10:00:00Z,1752833584586,0.9975,1202.88
2025-07-18T10:00:00Z,1752833584586,0.9975,184.91
2025-07-18T10:00:00Z,1752833584588,0.9975,876.5
2025-07-18T10:00:00Z,1752833584588,0.9975,1202.99
2025-07-18T10:00:00Z,1752833584588,0.9975,1202.88
2025-07-18T10:00:00Z,1752833584589,0.9975,1202.88
2025-07-18T10:00:00Z,1752833584591,0.9975,4553.7
2025-07-18T10:00:00Z,1752833584591,0.9975,15790.82
2025-07-18T10:00:00Z,1752833584591,0.9975,11.53
2025-07-18T10:00:00Z,1752833584592,0.9975,1202.99
2025-07-18T10:00:00Z,1752833584592,0.9975,1202.94
2025-07-18T10:00:00Z,1752833584593,0.9975,181.82
2025-07-18T10:00:00Z,1752833584594,0.9975,248.83
2025-07-18T10:00:00Z,1752833584600,0.9975,324.76
2025-07-18T10:00:00Z,1752833584601,0.9975,184.7
2025-07-18T10:00:00Z,1752833584601,0.9975,1202.88
2025-07-18T10:00:00Z,1752833584602,0.9975,561.61
2025-07-18T10:00:00Z,1752833584602,0.9975,380.41
2025-07-18T10:00:00Z,1752833584602,0.9975,20.0
2025-07-18T10:00:00Z,1752833584602,0.9975,822.47
2025-07-18T10:00:00Z,1752833584602,0.9975,621.27
2025-07-18T10:00:00Z,1752833584603,0.9975,53026.45
2025-07-18T10:00:00Z,1752833584603,0.9975,15362.18
2025-07-18T10:00:00Z,1752833584603,0.9975,2641.91
2025-07-18T10:00:00Z,1752833584604,0.9975,1202.99
2025-07-18T10:00:00Z,1752833584606,0.9975,2777.96
2025-07-18T10:00:00Z,1752833584606,0.9975,528.56
2025-07-18T10:00:00Z,1752833584606,0.9975,222.44
2025-07-18T10:00:00Z,1752833584607,0.9975,1202.88
2025-07-18T10:00:00Z,1752833584607,0.9975,1202.88
2025-07-18T10:00:00Z,1752833584608,0.9975,5326.0
2025-07-18T10:00:00Z,1752833584608,0.9975,11.5
2025-07-18T10:00:00Z,1752833584609,0.9975,65.01
2025-07-18T10:00:00Z,1752833584611,0.9975,1202.88
2025-07-18T10:00:00Z,1752833584612,0.9975,222.7
2025-07-18T10:00:00Z,1752833584613,0.9975,485.35
2025-07-18T10:00:00Z,1752833584615,0.9975,1202.88
2025-07-18T10:00:00Z,1752833584616,0.9975,255.75
2025-07-18T10:00:00Z,1752833584618,0.9975,1202.88
2025-07-18T10:00:00Z,1752833584619,0.9975,50.0
2025-07-18T10:00:00Z,1752833584619,0.9975,1202.88
2025-07-18T10:00:00Z,1752833584619,0.9975,7.53
2025-07-18T10:00:00Z,1752833584621,0.9975,318.26
2025-07-18T10:00:00Z,1752833584621,0.9975,1864.58
2025-07-18T10:00:00Z,1752833584622,0.9975,324.96
2025-07-18T10:00:00Z,1752833584622,0.9975,1202.99
2025-07-18T10:00:00Z,1752833584622,0.9975,858.6
2025-07-18T10:00:00Z,1752833584622,0.9975,2566.22
2025-07-18T10:00:00Z,1752833584622,0.9975,1493.02
2025-07-18T10:00:00Z,1752833584622,0.9975,6304.29
2025-07-18T10:00:00Z,1752833584622,0.9975,4970.88
2025-07-18T10:00:00Z,1752833584622,0.9975,290.39
2025-07-18T10:00:00Z,1752833584622,0.9975,396.01
2025-07-18T10:00:00Z,1752833584622,0.9975,284.31
2025-07-18T10:00:00Z,1752833584623,0.9975,479.97
2025-07-18T10:00:00Z,1752833584623,0.9975,787.22
2025-07-18T10:00:00Z,1752833584623,0.9975,629.12
2025-07-18T10:00:00Z,1752833584623,0.9975,1200.0
2025-07-18T10:00:00Z,1752833584623,0.9975,256.77
2025-07-18T10:00:00Z,1752833584623,0.9975,385.75
2025-07-18T10:00:00Z,1752833584623,0.9975,796.13
2025-07-18T10:00:00Z,1752833584623,0.9975,422.49
2025-07-18T10:00:00Z,1752833584623,0.9975,297.25
2025-07-18T10:00:00Z,1752833584624,0.9975,3124.46
2025-07-18T10:00:00Z,1752833584624,0.9975,1410.34
2025-07-18T10:00:00Z,1752833584624,0.9975,404.55
2025-07-18T10:00:00Z,1752833584624,0.9975,67.67
2025-07-18T10:00:00Z,1752833584624,0.9975,1565.17
2025-07-18T10:00:00Z,1752833584624,0.9975,408.21
2025-07-18T10:00:00Z,1752833584624,0.9975,524.55
2025-07-18T10:00:00Z,1752833584625,0.9975,434.95
2025-07-18T10:00:00Z,1752833584625,0.9975,225.0
2025-07-18T10:00:00Z,1752833584625,0.9975,1202.87
2025-07-18T10:00:00Z,1752833584625,0.9975,1929.93
2025-07-18T10:00:00Z,1752833584626,0.9975,1076.22
2025-07-18T10:00:00Z,1752833584626,0.9975,184.92
2025-07-18T10:00:00Z,1752833584626,0.9975,311.9
2025-07-18T10:00:00Z,1752833584627,0.9975,345.74
2025-07-18T10:00:00Z,1752833584627,0.9975,1202.99
2025-07-18T10:00:00Z,1752833584627,0.9975,601.79
2025-07-18T10:00:00Z,1752833584628,0.9975,59.6
2025-07-18T10:00:00Z,1752833584629,0.9975,727.06
2025-07-18T10:00:00Z,1752833584631,0.9975,1202.99
2025-07-18T10:00:00Z,1752833584631,0.9975,1202.88
2025-07-18T10:00:00Z,1752833584632,0.9975,70.25
2025-07-18T10:00:00Z,1752833584632,0.9975,1202.94
2025-07-18T10:00:00Z,1752833584632,0.9975,705.15
2025-07-18T10:00:00Z,1752833584632,0.9975,547.01
2025-07-18T10:00:00Z,1752833584633,0.9975,1391.52
2025-07-18T10:00:00Z,1752833584635,0.9975,1202.88
2025-07-18T10:00:00Z,1752833584639,0.9975,2004.44
2025-07-18T10:00:00Z,1752833584639,0.9975,132.47
2025-07-18T10:00:00Z,1752833584641,0.9975,11240.79
2025-07-18T10:00:00Z,1752833584641,0.9975,186.89
2025-07-18T10:00:00Z,1752833584642,0.9975,1203.0
2025-07-18T10:00:00Z,1752833584643,0.9975,1200.0
2025-07-18T10:00:00Z,1752833584643,0.9975,1202.94
2025-07-18T10:00:00Z,1752833584647,0.9975,1202.88
2025-07-18T10:00:00Z,1752833584647,0.9975,1001.15
2025-07-18T10:00:00Z,1752833584647,0.9975,1202.99
2025-07-18T10:00:00Z,1752833584650,0.9975,1202.88
2025-07-18T10:00:00Z,1752833584650,0.9975,1202.99
2025-07-18T10:00:00Z,1752833584651,0.9975,1200.0
2025-07-18T10:00:00Z,1752833584651,0.9975,98.31
2025-07-18T10:00:00Z,1752833584651,0.9975,522.0
2025-07-18T10:00:00Z,1752833584651,0.9975,473.03
2025-07-18T10:00:00Z,1752833584651,0.9975,1202.99
2025-07-18T10:00:00Z,1752833584652,0.9975,528.55
2025-07-18T10:00:00Z,1752833584653,0.9975,1189.56
2025-07-18T10:00:00Z,1752833584653,0.9975,980.38
2025-07-18T10:00:00Z,1752833584653,0.9975,500.0
2025-07-18T10:00:00Z,1752833584655,0.9975,1200.0
2025-07-18T10:00:00Z,1752833584655,0.9975,1001.36
2025-07-18T10:00:00Z,1752833584656,0.9974,11.35
2025-07-18T10:00:00Z,1752833584656,0.9975,1202.88
2025-07-18T10:00:00Z,1752833584657,0.9975,1200.0
2025-07-18T10:00:00Z,1752833584657,0.9975,244.73
2025-07-18T10:00:00Z,1752833584658,0.9975,132.46
2025-07-18T10:00:00Z,1752833584660,0.9975,614.54
2025-07-18T10:00:00Z,1752833584661,0.9975,1203.0
2025-07-18T10:00:00Z,1752833584662,0.9975,1202.99
2025-07-18T10:00:00Z,1752833584662,0.9975,598.7
2025-07-18T10:00:00Z,1752833584662,0.9975,13045.25
2025-07-18T10:00:00Z,1752833584663,0.9975,13430.6
2025-07-18T10:00:00Z,1752833584663,0.9975,1200.0
2025-09-12T19:00:00Z,1757707188527,0.9989,1.01
2025-09-12T19:00:00Z,1757707188527,0.9989,34.6
2025-09-12T19:00:00Z,1757707188527,0.9989,3.37
2025-09-12T19:00:00Z,1757707189474,0.9989,100.0
2025-09-12T19:00:00Z,1757707189474,0.9989,1.81
2025-09-12T19:00:00Z,1757707189474,0.9989,46.0
2025-09-12T19:00:00Z,1757707189474,0.9989,362.9
2025-09-12T19:00:00Z,1757707193622,0.9989,5.22
2025-09-12T20:00:00Z,1757707220454,0.9989,298.78
2025-09-12T20:00:00Z,1757707222532,0.9989,18.74
2025-09-12T20:00:00Z,1757707223435,0.9989,186.03
2025-09-12T20:00:00Z,1757707223435,0.9989,315.26
2025-09-12T20:00:00Z,1757707227539,0.9989,17.22
2025-09-12T20:00:00Z,1757707231149,0.9989,501.13
2025-09-12T20:00:00Z,1757707231996,0.9989,16.85
2025-09-12T20:00:00Z,1757707232271,0.9989,50.6
2025-09-12T20:00:00Z,1757707234474,0.9989,9.94
2025-09-22T06:00:00Z,1758520953104,0.9989,500.0
2025-09-22T06:00:00Z,1758520953104,0.9989,2.0
2025-09-22T06:00:00Z,1758520953104,0.9989,20.02
2025-09-22T06:00:00Z,1758520953104,0.9989,1.02
2025-09-22T06:00:00Z,1758520953104,0.9989,11.58
2025-09-22T06:00:00Z,1758520953104,0.9989,106.57
2025-09-22T06:00:00Z,1758520953104,0.9989,49.37
2025-09-22T06:00:00Z,1758520953104,0.9988,95.27
2025-09-22T06:00:00Z,1758520953109,0.9988,2.58
2025-09-22T06:00:00Z,1758520953109,0.9988,1.01
2025-09-22T06:00:00Z,1758520953109,0.9988,4.73
2025-09-22T06:00:00Z,1758520953165,0.9988,102.23
2025-09-22T06:00:00Z,1758520953165,0.9988,147.42
2025-09-22T06:00:00Z,1758520953165,0.9988,5.16
2025-09-22T06:00:00Z,1758520953199,0.9987,190.14
2025-09-22T06:00:00Z,1758520953286,0.9988,11.17
2025-09-22T06:00:00Z,1758520953410,0.9988,90.57
2025-09-22T06:00:00Z,1758520953508,0.9988,7478.0
2025-09-22T06:00:00Z,1758520953508,0.9988,522.0
2025-09-22T06:00:00Z,1758520953597,0.9988,8.95
2025-09-22T06:00:00Z,1758520953943,0.9988,103.17
2025-09-22T06:00:00Z,1758520953990,0.9988,8000.0
2025-09-22T06:00:00Z,1758520954003,0.9988,92.76
2025-09-22T06:00:00Z,1758520954178,0.9988,2750.71
2025-09-22T06:00:00Z,1758520954178,0.9987,109.86
2025-09-22T06:00:00Z,1758520954178,0.9988,1121.15
2025-09-22T06:00:00Z,1758520954178,0.9987,239.3
2025-09-22T06:00:00Z,1758520954178,0.9988,500.0
2025-09-22T06:00:00Z,1758520954178,0.9988,75.66
2025-09-22T06:00:00Z,1758520954178,0.9987,1.01
2025-09-22T06:00:00Z,1758520954178,0.9988,1000.31
2025-09-22T06:00:00Z,1758520954419,0.9988,50.24
2025-09-22T06:00:00Z,1758520955434,0.9989,10.85
2025-09-22T06:00:00Z,1758520955468,0.9989,17.43
2025-09-22T06:00:00Z,1758520955775,0.9989,148.26
2025-09-22T06:00:00Z,1758520955944,0.9989,499.92
2025-09-22T06:00:00Z,1758520956015,0.9989,556.86
2025-09-22T06:00:00Z,1758520956015,0.9989,2611.14
2025-09-22T06:00:00Z,1758520956597,0.9989,501.42
2025-09-22T06:00:00Z,1758520956925,0.9989,8.69
2025-09-22T06:00:00Z,1758520956946,0.9989,8.69
2025-09-22T06:00:00Z,1758520956974,0.9989,747.1
2025-09-22T06:00:00Z,1758520956974,0.9989,1812.9
2025-09-22T06:00:00Z,1758520957000,0.9989,499.65
2025-09-22T06:00:00Z,1758520957012,0.9989,50.25
2025-09-22T06:00:00Z,1758520957024,0.9989,9.29
2025-09-22T06:00:00Z,1758520957049,0.9989,113.79
2025-09-22T06:00:00Z,1758520957090,0.9989,500.25
2025-09-22T06:00:00Z,1758520957115,0.9989,279.97
2025-09-22T06:00:00Z,1758520957141,0.9989,8.69
2025-09-22T06:00:00Z,1758520957241,0.9989,9.13
2025-09-22T06:00:00Z,1758520957273,0.9989,8.94
2025-09-22T06:00:00Z,1758520957672,0.9989,8.98
2025-09-22T06:00:00Z,1758520957688,0.9989,22.76
2025-09-22T06:00:00Z,1758520957712,0.9989,6.16
2025-09-22T06:00:00Z,1758520957770,0.9989,8.97
2025-09-22T06:00:00Z,1758520957802,0.9989,11.26
2025-09-22T06:00:00Z,1758520957939,0.9989,9.12
2025-09-22T06:00:00Z,1758520957949,0.9989,9.12
2025-09-22T06:00:00Z,1758520957957,0.9989,1638.0
2025-09-22T06:00:00Z,1758520958265,0.9989,7.25
2025-09-22T06:00:00Z,1758520958386,0.9989,217.53
2025-09-22T06:00:00Z,1758520958547,0.9989,80.62
2025-09-22T06:00:00Z,1758520958561,0.9989,68.31
2025-09-22T06:00:00Z,1758520958819,0.9989,1668.0
2025-09-22T06:00:00Z,1758520958973,0.9989,13.31
2025-09-22T06:00:00Z,1758520958995,0.9989,13.31
2025-09-22T06:00:00Z,1758520959022,0.9989,13.31
2025-09-22T06:00:00Z,1758520959062,0.9989,13.31
2025-09-22T06:00:00Z,1758520959163,0.9989,7.03
2025-09-22T06:00:00Z,1758520959328,0.9989,18.83
2025-09-22T06:00:00Z,1758520959329,0.9989,38153.12
2025-09-22T06:00:00Z,1758520959330,0.9989,1480.7
2025-09-22T06:00:00Z,1758520959330,0.9989,1859.11
2025-09-22T06:00:00Z,1758520959330,0.9989,11.43
2025-09-22T06:00:00Z,1758520959330,0.9989,1000.41
2025-09-22T06:00:00Z,1758520959330,0.9989,2968.94
2025-09-22T06:00:00Z,1758520959330,0.9989,2500.0
2025-09-22T06:00:00Z,1758520959330,0.9989,9588.84
2025-09-22T06:00:00Z,1758520959330,0.9989,18743.69
2025-09-22T06:00:00Z,1758520959405,0.9989,18.95
2025-09-22T06:00:00Z,1758520959440,0.9989,109.65
2025-09-22T06:00:00Z,1758520959577,0.9989,7.13
2025-09-22T06:00:00Z,1758520959661,0.9989,8185.44
2025-09-22T06:00:00Z,1758520959726,0.9989,12.05
2025-09-22T06:00:00Z,1758520959825,0.9989,2541.0
2025-09-22T06:00:00Z,1758520959858,0.9989,145.37
2025-09-22T06:00:00Z,1758520960016,0.9989,8000.0
2025-09-22T06:00:00Z,1758520960061,0.9989,8000.0
2025-09-22T06:00:00Z,1758520960075,0.9989,7.1
2025-09-22T06:00:00Z,1758520960087,0.9989,620.34
2025-09-22T06:00:00Z,1758520960156,0.9989,8000.0
2025-09-22T06:00:00Z,1758520960481,0.9989,3534.96
2025-09-22T06:00:00Z,1758520960528,0.9989,93.18
2025-09-22T06:00:00Z,1758520960587,0.9989,8000.0
2025-09-22T06:00:00Z,1758520960682,0.9989,5.75
2025-09-22T06:00:00Z,1758520960721,0.9989,2767.0
2025-09-22T06:00:00Z,1758520960781,0.9989,62.8
2025-09-22T06:00:00Z,1758520960803,0.9989,56.41
2025-09-22T06:00:00Z,1758520960921,0.9989,5.56
2025-09-22T06:00:00Z,1758520960968,0.9989,8000.0
2025-09-22T06:00:00Z,1758520960977,0.9989,5.98
2025-09-22T06:00:00Z,1758520960994,0.9989,7.32
2025-09-22T06:00:00Z,1758520961002,0.9989,8.71
2025-09-22T06:00:00Z,1758520961020,0.9989,12.54
2025-09-22T06:00:00Z,1758520961240,0.9989,8.11
2025-09-22T06:00:00Z,1758520961286,0.9989,11.33
2025-09-22T06:00:00Z,1758520961303,0.9989,8.09
2025-09-22T06:00:00Z,1758520961487,0.9989,8.56
2025-09-22T06:00:00Z,1758520961575,0.9989,308.03
2025-09-22T06:00:00Z,1758520961624,0.9989,7.29
2025-09-22T06:00:00Z,1758520961650,0.9989,8.11
2025-09-22T06:00:00Z,1758520961700,0.9989,2655.0
2025-09-22T06:00:00Z,1758520961726,0.9989,8.11
2025-09-22T06:00:00Z,1758520961740,0.9989,8.09
2025-09-22T06:00:00Z,1758520961831,0.9989,8.08
2025-09-22T06:00:00Z,1758520961870,0.9989,8.07
2025-09-22T06:00:00Z,1758520961884,0.9989,7.1
2025-09-22T06:00:00Z,1758520961975,0.9989,7.88
2025-09-22T06:00:00Z,1758520962001,0.9989,7.87
2025-09-22T06:00:00Z,1758520962031,0.9989,8.08
2025-09-22T06:00:00Z,1758520962203,0.9989,78.17
2025-09-22T06:00:00Z,1758520962416,0.9989,183.02
2025-09-22T06:00:00Z,1758520962428,0.9989,7.15
2025-09-22T06:00:00Z,1758520962466,0.9989,2261.15
2025-09-22T06:00:00Z,1758520962494,0.9989,937.51
2025-09-22T06:00:00Z,1758520962512,0.9989,8.97
2025-09-22T06:00:00Z,1758520962702,0.9989,2769.0
2025-09-22T06:00:00Z,1758520963037,0.9989,7622.32
2025-09-22T06:00:00Z,1758520963053,0.9989,9.04
2025-09-22T06:00:00Z,1758520963079,0.9989,8.08
2025-09-22T06:00:00Z,1758520963704,0.9989,2764.0
2025-09-22T06:00:00Z,1758520963926,0.9989,1003.35
2025-09-22T06:00:00Z,1758520964163,0.9989,8.75
2025-09-22T06:00:00Z,1758520964645,0.9989,7928.0
2025-09-22T06:00:00Z,1758520964746,0.9989,142.65
2025-09-22T06:00:00Z,1758520964939,0.9989,403.97
2025-09-22T06:00:00Z,1758520965009,0.9989,499.46
2025-09-22T06:00:00Z,1758520965139,0.9989,499.41
2025-09-22T06:00:00Z,1758520965392,0.9989,18.57
2025-09-22T06:00:00Z,1758520965434,0.9989,8.65
2025-09-22T06:00:00Z,1758520965477,0.9989,8.64
2025-09-22T06:00:00Z,1758520965522,0.9989,8.63
2025-09-22T06:00:00Z,1758520965551,0.9989,7266.0
2025-09-22T06:00:00Z,1758520965571,0.9989,8.64
2025-09-22T06:00:00Z,1758520965606,0.9989,8.08
2025-09-22T06:00:00Z,1758520965615,0.9989,499.47
2025-09-22T06:00:00Z,1758520965639,0.9989,8.64
2025-09-22T06:00:00Z,1758520965748,0.9989,8.64
2025-09-22T06:00:00Z,1758520965783,0.9989,8.64
2025-09-22T06:00:00Z,1758520965994,0.9989,8.71
2025-09-22T06:00:00Z,1758520966003,0.9989,8.5
2025-09-22T06:00:00Z,1758520966016,0.9989,8.7
2025-09-22T06:00:00Z,1758520966026,0.9989,47.75
2025-09-22T06:00:00Z,1758520966043,0.9989,8.63
2025-09-22T06:00:00Z,1758520966128,0.9989,49.91
2025-09-22T06:00:00Z,1758520966202,0.9989,184.19
2025-09-22T06:00:00Z,1758520966418,0.9989,3007.0
2025-09-22T06:00:00Z,1758520966899,0.9989,48.3
2025-09-22T06:00:00Z,1758520967375,0.9989,3004.0
2025-09-22T06:00:00Z,1758520967705,0.9989,30.7
2025-09-22T06:00:00Z,1758520967898,0.9989,132.14
2025-09-22T06:00:00Z,1758520968368,0.9989,6212.0
2025-09-22T06:00:00Z,1758520968923,0.9989,303.05
2025-09-22T06:00:00Z,1758520969163,0.9989,499.99
2025-09-22T06:00:00Z,1758520969239,0.9989,422.26
2025-09-22T06:00:00Z,1758520969289,0.9989,70.86
2025-09-22T06:00:00Z,1758520969334,0.9989,70.83
2025-09-22T06:00:00Z,1758520969335,0.9989,4346.0
2025-09-22T06:00:00Z,1758520969455,0.9989,70.88
2025-09-22T06:00:00Z,1758520969636,0.9989,51.69
2025-09-22T06:00:00Z,1758520969926,0.9989,70.97
2025-09-22T06:00:00Z,1758520970180,0.9989,2874.0
2025-09-22T06:00:00Z,1758520970459,0.9989,193.55
2025-09-22T06:00:00Z,1758520970605,0.9989,193.49
2025-09-22T06:00:00Z,1758520971039,0.9989,1669.0
2025-09-22T06:00:00Z,1758520971131,0.9989,9.11
2025-09-22T06:00:00Z,1758520971241,0.9989,5.39
2025-09-22T06:00:00Z,1758520971382,0.9989,33257.34
2025-09-22T06:00:00Z,1758520971481,0.9989,5.35
2025-09-22T06:00:00Z,1758520971484,0.9989,349.45
2025-09-22T06:00:00Z,1758520972026,0.9989,7173.0
2025-09-22T06:00:00Z,1758520972073,0.9989,8.53
2025-09-22T06:00:00Z,1758520972950,0.9989,302.01
2025-09-22T06:00:00Z,1758520972977,0.9989,2463.0
2025-09-22T06:00:00Z,1758520973877,0.9989,9386.0
2025-09-22T06:00:00Z,1758520975018,0.9989,487.61
2025-09-22T06:00:00Z,1758520975018,0.9989,8438.39
2025-09-22T06:00:00Z,1758520975503,0.9989,100.92
2025-09-22T06:00:00Z,1758520975522,0.9989,8.66
2025-09-22T06:00:00Z,1758520976481,0.9989,180.96
2025-09-22T06:00:00Z,1758520976481,0.9989,4546.04
2025-09-22T06:00:00Z,1758520976481,0.9989,102.0
2025-09-22T06:00:00Z,1758520977308,0.9989,7.33
2025-09-22T06:00:00Z,1758520977459,0.9989,4136.0
2025-09-22T06:00:00Z,1758520977473,0.9989,834.83
2025-09-22T06:00:00Z,1758520977953,0.9989,18.57
2025-09-22T06:00:00Z,1758520978323,0.9989,3163.0
2025-09-22T06:00:00Z,1758520978859,0.9989,76.44
2025-09-22T06:00:00Z,1758520978879,0.9989,38.3
2025-09-22T06:00:00Z,1758520978891,0.9989,38.4
2025-09-22T06:00:00Z,1758520978913,0.9989,38.15
2025-09-22T06:00:00Z,1758520978936,0.9989,19.16
2025-09-22T06:00:00Z,1758520978946,0.9989,8.14
2025-09-22T06:00:00Z,1758520978969,0.9989,5.99
2025-09-22T06:00:00Z,1758520978978,0.9989,8.13
2025-09-22T06:00:00Z,1758520979029,0.9989,8.13
2025-09-22T06:00:00Z,1758520979039,0.9989,8.14
2025-09-22T06:00:00Z,1758520979048,0.9989,8.14
2025-09-22T06:00:00Z,1758520979109,0.9989,8.14
2025-09-22T06:00:00Z,1758520979145,0.9989,18.48
2025-09-22T06:00:00Z,1758520979242,0.9989,2969.0
2025-09-22T06:00:00Z,1758520979684,0.9989,71.23
2025-09-22T06:00:00Z,1758520979879,0.9989,525.68
2025-09-22T06:00:00Z,1758520980036,0.9989,302.05
2025-09-22T06:00:00Z,1758520980131,0.9989,2768.0
2025-09-22T06:00:00Z,1758520980151,0.9989,921.08
2025-09-22T06:00:00Z,1758520980469,0.9989,24830.85
2025-09-22T06:00:00Z,1758520980920,0.9989,7.52
2025-09-22T06:00:00Z,1758520980940,0.9989,7.52
2025-09-22T06:00:00Z,1758520980960,0.9989,7.51
2025-09-22T06:00:00Z,1758520981212,0.9989,2663.0
2025-09-22T06:00:00Z,1758520981430,0.9989,8.54
2025-09-22T06:00:00Z,1758520981467,0.9989,8.54
2025-09-22T06:00:00Z,1758520981496,0.9989,8.54
2025-09-22T06:00:00Z,1758520981531,0.9989,8.54
2025-09-22T06:00:00Z,1758520981576,0.9989,8.54
2025-09-22T06:00:00Z,1758520981649,0.9989,8.54
2025-09-22T06:00:00Z,1758520981681,0.9989,8.54
2025-09-22T06:00:00Z,1758520981683,0.9989,926.06
2025-09-22T06:00:00Z,1758520981714,0.9989,8.54
2025-09-22T06:00:00Z,1758520981736,0.9989,8.54
2025-09-22T06:00:00Z,1758520981755,0.9989,8.54
2025-09-22T06:00:00Z,1758520981769,0.9989,8.54
2025-09-22T06:00:00Z,1758520981788,0.9989,8.54
2025-09-22T06:00:00Z,1758520981806,0.9989,8.54
2025-09-22T06:00:00Z,1758520981819,0.9989,8.54
2025-09-22T06:00:00Z,1758520981843,0.9989,8.45
2025-09-22T06:00:00Z,1758520981861,0.9989,8.54
2025-09-22T06:00:00Z,1758520981886,0.9989,8.54
2025-09-22T06:00:00Z,1758520981944,0.9989,8.54
2025-09-22T06:00:00Z,1758520982058,0.9989,8.55
2025-09-22T06:00:00Z,1758520982143,0.9989,6727.0
2025-09-22T06:00:00Z,1758520982158,0.9989,8.31
2025-09-22T06:00:00Z,1758520982399,0.9989,8.31
2025-09-22T06:00:00Z,1758520982437,0.9989,7.52
2025-09-22T06:00:00Z,1758520982485,0.9989,7.52
2025-09-22T06:00:00Z,1758520982611,0.9989,8.31
2025-09-22T06:00:00Z,1758520983059,0.9989,1982.0
2025-09-22T06:00:00Z,1758520983206,0.9989,50.21
2025-09-22T06:00:00Z,1758520984049,0.9989,2761.0
2025-09-22T06:00:00Z,1758520985040,0.9989,2030.0
2025-09-22T06:00:00Z,1758520985400,0.9989,1478.0
2025-09-22T06:00:00Z,1758520985801,0.9989,41.98
2025-09-22T06:00:00Z,1758520986178,0.9989,21677.0
2025-09-22T06:00:00Z,1758520986910,0.9989,834.15
2025-09-22T06:00:00Z,1758520987279,0.9989,12338.0
2025-09-22T06:00:00Z,1758520987514,0.9989,5.61
2025-09-22T06:00:00Z,1758520987686,0.9989,508.93
2025-09-22T06:00:00Z,1758520987878,0.9989,1000.19
2025-09-22T06:00:00Z,1758520988150,0.9989,9665.0
2025-09-22T06:00:00Z,1758520988869,0.9989,764.75
2025-09-22T06:00:00Z,1758520989166,0.9989,49.29
2025-09-22T06:00:00Z,1758520989202,0.9989,8563.0
2025-09-22T06:00:00Z,1758520989602,0.9989,5.62
2025-09-22T06:00:00Z,1758520989624,0.9989,165.7
2025-09-22T06:00:00Z,1758520989633,0.9989,18.34
2025-09-22T06:00:00Z,1758520989685,0.9989,920.41
2025-09-22T06:00:00Z,1758520989743,0.9989,8.79
2025-09-22T06:00:00Z,1758520989790,0.9989,8.77
2025-09-22T06:00:00Z,1758520989813,0.9989,8.77
2025-09-22T06:00:00Z,1758520989852,0.9989,8.23
2025-09-22T06:00:00Z,1758520990067,0.9989,5276.0
2025-09-22T06:00:00Z,1758520990444,0.9989,7.39
2025-09-22T06:00:00Z,1758520990454,0.9989,2866.33
2025-09-23T02:00:00Z,1758593744518,0.9989,63628.42
2025-09-23T02:00:00Z,1758593744518,0.9989,61.0
2025-09-23T02:00:00Z,1758593744518,0.9989,10.24
2025-09-23T02:00:00Z,1758593744518,0.9989,49.37
2025-09-23T02:00:00Z,1758593744518,0.9989,10.29
2025-09-23T02:00:00Z,1758593745788,0.9989,374.82
2025-09-23T02:00:00Z,1758593753835,0.9989,1515.29
2025-09-23T02:00:00Z,1758593762828,0.9989,300.9
2025-09-23T02:00:00Z,1758593767819,0.9989,15.07
2025-09-23T02:00:00Z,1758593776519,0.9989,501.54
2025-09-23T02:00:00Z,1758593776706,0.9989,559.81
2025-09-23T02:00:00Z,1758593777088,0.9989,875.95
2025-09-23T02:00:00Z,1758593786598,0.9989,240.23
2025-09-23T02:00:00Z,1758593791784,0.9989,27457.73
2025-09-23T02:00:00Z,1758593791784,0.9989,4900.0
2025-09-23T02:00:00Z,1758593791784,0.9989,200.0
2025-09-23T02:00:00Z,1758593791784,0.9989,10000.0
2025-09-23T02:00:00Z,1758593791784,0.9989,31987.97
2025-09-23T02:00:00Z,1758593791784,0.9989,1.96
2025-09-23T02:00:00Z,1758593791784,0.9989,450.34
2025-09-23T02:00:00Z,1758593791784,0.9989,2.0
2025-09-23T02:00:00Z,1758593791784,0.9989,25000.0
2025-09-23T02:00:00Z,1758593797303,0.9989,239.99
2025-09-23T02:00:00Z,1758593805866,0.9989,908.11
2025-09-23T02:00:00Z,1758593810899,0.9989,239.75
2025-09-23T02:00:00Z,1758593811979,0.9989,1099.72
2025-09-23T02:00:00Z,1758593815912,0.9989,7.27
2025-09-23T02:00:00Z,1758593815928,0.9989,7.27
2025-09-23T02:00:00Z,1758593815948,0.9989,7.27
2025-09-23T02:00:00Z,1758593815965,0.9989,7.27
2025-09-23T02:00:00Z,1758593819656,0.9989,245.02
2025-09-23T02:00:00Z,1758593819904,0.9989,31.11
2025-09-23T02:00:00Z,1758593821562,0.9989,239.51
2025-09-23T02:00:00Z,1758593824905,0.9989,5.93
2025-09-23T02:00:00Z,1758593825414,0.9989,225.07
2025-09-23T02:00:00Z,1758593826091,0.9989,1592.74
2025-09-23T02:00:00Z,1758593832323,0.9989,244.78
2025-09-23T02:00:00Z,1758593834325,0.9989,22.79
2025-09-23T02:00:00Z,1758593834782,0.9989,22.6
2025-09-23T02:00:00Z,1758593837965,0.9989,1002.62
2025-09-23T02:00:00Z,1758593838139,0.9989,239.27
2025-09-23T02:00:00Z,1758593842026,0.9989,244.53
2025-09-23T02:00:00Z,1758593853789,0.9989,239.03
2025-09-23T02:00:00Z,1758593854486,0.9989,1361.86
2025-09-23T02:00:00Z,1758593858661,0.9989,244.29
2025-09-23T02:00:00Z,1758593862247,0.9989,1003.16
2025-09-23T02:00:00Z,1758593864405,0.9989,1001.66
2025-09-23T02:00:00Z,1758593864423,0.9989,238.79
2025-09-23T02:00:00Z,1758593865524,0.9989,1002.87
2025-09-23T02:00:00Z,1758593871867,0.9989,388.77
2025-09-23T02:00:00Z,1758593872366,0.9989,244.04
2025-09-23T02:00:00Z,1758593872871,0.9989,500.73
2025-09-23T02:00:00Z,1758593874353,0.9989,238.55
2025-09-23T02:00:00Z,1758593877710,0.9989,496.7
2025-09-23T02:00:00Z,1758593883176,0.9989,238.31
2025-09-23T02:00:00Z,1758593884043,0.9989,243.8
2025-09-23T02:00:00Z,1758593891917,0.9989,1046.04
2025-09-23T02:00:00Z,1758593893999,0.9989,241.68
2025-09-23T02:00:00Z,1758593897235,0.9989,9.47
2025-09-23T02:00:00Z,1758593897739,0.9989,243.56
2025-09-23T02:00:00Z,1758593901878,0.9989,238.08
2025-09-23T02:00:00Z,1758593911702,0.9989,241.44
2025-09-23T02:00:00Z,1758593913479,0.9989,243.31
2025-09-23T02:00:00Z,1758593914770,0.9989,209.84
2025-09-23T02:00:00Z,1758593915543,0.9989,237.84
2025-09-23T02:00:00Z,1758593925105,0.9989,243.05
2025-09-23T02:00:00Z,1758593925262,0.9989,241.17
2025-09-23T02:00:00Z,1758593926567,0.9989,266.46
2025-09-23T02:00:00Z,1758593929588,0.9989,1000.0
2025-09-23T02:00:00Z,1758593931832,0.9989,6.84
2025-09-23T02:00:00Z,1758593931851,0.9989,6.84
2025-09-23T02:00:00Z,1758593931871,0.9989,6.84
2025-09-23T02:00:00Z,1758593931889,0.9989,6.84
2025-09-23T02:00:00Z,1758593931972,0.9989,6.84
2025-09-23T02:00:00Z,1758593932395,0.9989,237.58
2025-09-23T02:00:00Z,1758593933450,0.9989,241.92
2025-09-23T02:00:00Z,1758593935042,0.9989,240.71
2025-09-23T02:00:00Z,1758593939819,0.9989,242.58
2025-09-23T02:00:00Z,1758593946209,0.9989,241.68
2025-09-23T02:00:00Z,1758593946524,0.9989,101.06
2025-09-23T02:00:00Z,1758593950632,0.9989,240.47
2025-09-23T02:00:00Z,1758593957324,0.9989,124.69
2025-09-23T02:00:00Z,1758593958684,0.9989,125.75
2025-09-23T02:00:00Z,1758593960808,0.9989,241.43
2025-09-23T02:00:00Z,1758593961261,0.9989,240.23
2025-09-23T02:00:00Z,1758593974492,0.9989,241.19
2025-09-23T02:00:00Z,1758593975873,0.9989,239.99
2025-09-23T02:00:00Z,1758593984141,0.9989,240.95
2025-09-23T02:00:00Z,1758593993536,0.9989,239.75
2025-09-23T02:00:00Z,1758593996786,0.9989,240.71
2025-09-23T02:00:00Z,1758594008103,0.9989,239.51
2025-09-23T02:00:00Z,1758594013580,0.9989,240.47
2025-09-23T02:00:00Z,1758594022806,0.9989,239.27
2025-09-23T02:00:00Z,1758594023631,0.9989,245.1
2025-09-23T02:00:00Z,1758594026184,0.9989,240.23
2025-09-23T02:00:00Z,1758594034091,0.9989,239.04
2025-09-23T02:00:00Z,1758594034287,0.9989,244.85
2025-09-23T02:00:00Z,1758594038528,0.9989,249.99
2025-09-23T02:00:00Z,1758594048627,0.9989,238.8
2025-09-23T02:00:00Z,1758594050454,0.9989,12.83
2025-09-23T02:00:00Z,1758594054760,0.9989,244.61
2025-09-23T02:00:00Z,1758594057286,0.9989,20968.63
2025-09-23T02:00:00Z,1758594057286,0.9989,10.24
2025-09-23T02:00:00Z,1758594057286,0.9989,4901.0
2025-09-23T02:00:00Z,1758594057286,0.9989,601888.98
2025-09-23T02:00:00Z,1758594057286,0.9989,207.62
2025-09-23T02:00:00Z,1758594057286,0.9989,450.33
2025-09-23T02:00:00Z,1758594057286,0.9989,48056.56
2025-09-23T02:00:00Z,1758594057286,0.9989,35.02
2025-09-23T02:00:00Z,1758594057286,0.9989,500.0
2025-09-23T02:00:00Z,1758594057286,0.9989,35897.1
2025-09-23T02:00:00Z,1758594057286,0.9989,38.17
2025-09-23T02:00:00Z,1758594057286,0.9989,23397.27
2025-09-23T02:00:00Z,1758594057286,0.9989,101180.12
2025-09-23T02:00:00Z,1758594057286,0.9989,1377.73
2025-09-23T02:00:00Z,1758594057286,0.9989,12.0
2025-09-23T02:00:00Z,1758594057286,0.9989,10.42
2025-09-23T02:00:00Z,1758594057286,0.9989,49386.52
2025-09-23T02:00:00Z,1758594057286,0.9989,103.0
2025-09-23T02:00:00Z,1758594057286,0.9989,29798.51
2025-09-23T02:00:00Z,1758594057286,0.9989,5000.0
2025-09-23T02:00:00Z,1758594057286,0.9989,10.3
2025-09-23T02:00:00Z,1758594057286,0.9989,10.45
2025-09-23T02:00:00Z,1758594057286,0.9989,2500.0
2025-09-23T02:00:00Z,1758594057286,0.9989,282.0
2025-09-23T02:00:00Z,1758594057286,0.9989,10.28
2025-09-23T02:00:00Z,1758594057286,0.9989,12377.14
2025-09-23T02:00:00Z,1758594057286,0.9989,139941.02
2025-09-23T02:00:00Z,1758594057286,0.9989,480.0
2025-09-23T02:00:00Z,1758594057286,0.9989,64435.78
2025-09-23T02:00:00Z,1758594057286,0.9989,28.8
2025-09-23T02:00:00Z,1758594057286,0.9989,10.42
2025-09-23T02:00:00Z,1758594057286,0.9989,10.48
2025-09-23T02:00:00Z,1758594057286,0.9989,102.0
2025-09-23T02:00:00Z,1758594057286,0.9989,10.47
2025-09-23T02:00:00Z,1758594057294,0.9989,2000.0
2025-09-23T02:00:00Z,1758594057303,0.9989,184.39
2025-09-23T02:00:00Z,1758594057318,0.9989,1376.83
2025-09-23T02:00:00Z,1758594057326,0.9989,15.94
2025-09-23T02:00:00Z,1758594057327,0.9989,15.95
2025-09-23T02:00:00Z,1758594057548,0.9989,2000.0
2025-09-23T02:00:00Z,1758594057750,0.9989,1031.7
2025-09-23T02:00:00Z,1758594057798,0.9989,2000.0
2025-09-23T02:00:00Z,1758594058092,0.9989,2000.0
2025-09-23T02:00:00Z,1758594058356,0.9989,29795.07
2025-09-23T02:00:00Z,1758594058364,0.9989,2000.0
2025-09-23T02:00:00Z,1758594058366,0.9989,184.39
2025-09-23T02:00:00Z,1758594058523,0.9989,1001.0
2025-09-23T02:00:00Z,1758594058615,0.9989,2000.0
2025-09-23T02:00:00Z,1758594058752,0.9989,86.71
2025-09-23T02:00:00Z,1758594058772,0.9989,86.73
2025-09-23T02:00:00Z,1758594058792,0.9989,86.71
2025-09-23T02:00:00Z,1758594058872,0.9989,2000.0
2025-09-23T02:00:00Z,1758594059253,0.9989,130.05
2025-09-23T02:00:00Z,1758594059274,0.9989,86.72
2025-09-23T02:00:00Z,1758594059353,0.9989,130.05
2025-09-23T02:00:00Z,1758594059374,0.9989,86.69
2025-09-23T02:00:00Z,1758594059379,0.9989,2000.0
2025-09-23T02:00:00Z,1758594059487,0.9988,238.56
2025-09-23T02:00:00Z,1758594059501,0.9989,112.6
2025-09-23T02:00:00Z,1758594059648,0.9989,2000.0
2025-09-23T02:00:00Z,1758594061120,0.9989,244.39
2025-09-23T02:00:00Z,1758594061394,0.9988,246.28
2025-09-23T02:00:00Z,1758594062786,0.9989,104.73
2025-09-23T02:00:00Z,1758594063628,0.9989,1814.1
2025-09-23T02:00:00Z,1758594064356,0.9989,29795.07
2025-09-23T02:00:00Z,1758594065713,0.9989,86.7
2025-09-23T02:00:00Z,1758594065853,0.9989,86.67
2025-09-23T02:00:00Z,1758594065872,0.9989,25091.75
2025-09-23T02:00:00Z,1758594065912,0.9989,86.67
2025-09-23T02:00:00Z,1758594067441,0.9988,244.39
2025-09-23T02:00:00Z,1758594067757,0.9989,245.81
2025-09-23T02:00:00Z,1758594067836,0.9989,84.23
2025-09-23T02:00:00Z,1758594068862,0.9989,25034.38
2025-09-23T02:00:00Z,1758594069173,0.9989,297.82
2025-09-23T02:00:00Z,1758594070189,0.9988,300.85
2025-09-23T02:00:00Z,1758594070269,0.9989,130.95
2025-09-23T02:00:00Z,1758594070440,0.9988,100.86
2025-09-23T02:00:00Z,1758594070553,0.9989,447.94
2025-09-23T02:00:00Z,1758594070564,0.9989,1201.25
2025-09-23T02:00:00Z,1758594070565,0.9988,33.33
2025-09-23T02:00:00Z,1758594070574,0.9988,32.08
2025-09-23T02:00:00Z,1758594070596,0.9988,48.97
2025-09-23T02:00:00Z,1758594070607,0.9988,100.97
2025-09-23T02:00:00Z,1758594070611,0.9988,101.05
2025-09-23T02:00:00Z,1758594070628,0.9988,101.04
2025-09-23T02:00:00Z,1758594070649,0.9988,24.49
2025-09-23T02:00:00Z,1758594070666,0.9988,258.65
2025-09-23T02:00:00Z,1758594070685,0.9988,275.56
2025-09-23T02:00:00Z,1758594070705,0.9988,251.06
2025-09-23T02:00:00Z,1758594070727,0.9988,251.06
2025-09-23T02:00:00Z,1758594070744,0.9988,251.07
2025-09-23T02:00:00Z,1758594070764,0.9988,24.49
2025-09-23T02:00:00Z,1758594070856,0.9989,444.45
2025-09-23T02:00:00Z,1758594070866,0.9988,12.23
2025-09-23T02:00:00Z,1758594070874,0.9988,6.11
2025-09-23T02:00:00Z,1758594071881,0.9989,24966.88
2025-09-23T02:00:00Z,1758594071889,0.9989,178.57
2025-09-23T02:00:00Z,1758594072781,0.9988,301.04
2025-09-23T02:00:00Z,1758594073075,0.9988,245.81
2025-09-23T02:00:00Z,1758594073086,0.9989,174.21
2025-09-23T02:00:00Z,1758594073569,0.9988,93.8
2025-09-23T02:00:00Z,1758594073589,0.9988,89.17
2025-09-23T02:00:00Z,1758594073634,0.9988,10.33
2025-09-23T02:00:00Z,1758594073709,0.9988,30.59
2025-09-23T02:00:00Z,1758594073768,0.9988,1113.67
2025-09-23T02:00:00Z,1758594074784,0.9989,168.94
2025-09-23T02:00:00Z,1758594074900,0.9989,25072.31
2025-09-23T02:00:00Z,1758594075913,0.9989,163.83
2025-09-23T02:00:00Z,1758594076776,0.9989,244.14
2025-09-23T02:00:00Z,1758594077339,0.9989,25003.49
2025-09-23T02:00:00Z,1758594077349,0.9989,158.87
2025-09-23T02:00:00Z,1758594077775,0.9989,1382.44
2025-09-23T02:00:00Z,1758594078773,0.9989,1382.45
2025-09-23T02:00:00Z,1758594078784,0.9989,154.06
2025-09-23T02:00:00Z,1758594079346,0.9989,1382.45
2025-09-23T02:00:00Z,1758594079780,0.9989,1382.46
2025-09-23T02:00:00Z,1758594080040,0.9989,112.74
2025-09-23T02:00:00Z,1758594080093,0.9989,1382.46
2025-09-23T02:00:00Z,1758594080625,0.9989,1382.46
2025-09-23T02:00:00Z,1758594081144,0.9989,1382.47
2025-09-23T02:00:00Z,1758594081674,0.9989,1382.47
2025-09-23T02:00:00Z,1758594081684,0.9989,109.33
2025-09-23T02:00:00Z,1758594081953,0.9989,129.92
2025-09-23T02:00:00Z,1758594082196,0.9989,1382.48
2025-09-23T02:00:00Z,1758594082732,0.9989,1382.48
2025-09-23T02:00:00Z,1758594082744,0.9989,106.02
2025-09-23T02:00:00Z,1758594083244,0.9989,1382.48
2025-09-23T02:00:00Z,1758594083782,0.9989,1382.49
2025-09-23T02:00:00Z,1758594083791,0.9989,102.81
2025-09-23T02:00:00Z,1758594083886,0.9989,24932.97
2025-09-23T02:00:00Z,1758594084320,0.9989,1382.49
2025-09-23T02:00:00Z,1758594084353,0.9989,86.61
2025-09-23T02:00:00Z,1758594084771,0.9989,1382.5
2025-09-23T02:00:00Z,1758594084988,0.9989,200000.0
2025-09-23T02:00:00Z,1758594085209,0.9989,245.57
2025-09-23T02:00:00Z,1758594085225,0.9988,244.14
2025-09-23T02:00:00Z,1758594085347,0.9989,1382.5
2025-09-23T02:00:00Z,1758594085787,0.9989,1382.5
2025-09-23T02:00:00Z,1758594086366,0.9989,1382.51
2025-09-23T02:00:00Z,1758594086785,0.9989,1382.51
2025-09-23T02:00:00Z,1758594086838,0.9989,25069.35
2025-09-23T02:00:00Z,1758594086944,0.9989,427.81
2025-09-23T02:00:00Z,1758594086953,0.9989,329.11
2025-09-23T02:00:00Z,1758594087070,0.9989,1382.52
2025-09-23T02:00:00Z,1758594087356,0.9989,1382.52
2025-09-23T02:00:00Z,1758594088193,0.9989,86.67
2025-09-23T02:00:00Z,1758594088229,0.9989,25096.17
2025-09-23T02:00:00Z,1758594088399,0.9989,1382.52
2025-09-23T02:00:00Z,1758594088444,0.9989,32.11
2025-09-23T02:00:00Z,1758594088533,0.9989,86.65
2025-09-23T02:00:00Z,1758594088552,0.9989,86.65
2025-09-23T02:00:00Z,1758594089514,0.9989,1382.53
2025-09-23T02:00:00Z,1758594089840,0.9989,25086.05
2025-09-23T02:00:00Z,1758594090512,0.9989,1382.53
2025-09-23T02:00:00Z,1758594090548,0.9989,24942.47
2025-09-23T02:00:00Z,1758594090782,0.9989,1382.54
2025-09-23T02:00:00Z,1758594090993,0.9989,86.66
2025-09-23T02:00:00Z,1758594091152,0.9989,37.63
2025-09-23T02:00:00Z,1758594091184,0.9989,1382.54
2025-09-23T02:00:00Z,1758594091607,0.9989,243.9
2025-09-23T02:00:00Z,1758594091734,0.9989,1382.54
2025-09-23T02:00:00Z,1758594092153,0.9989,310.17
2025-09-23T02:00:00Z,1758594092153,0.9989,520.6
2025-09-23T02:00:00Z,1758594092251,0.9989,650.15
2025-09-23T02:00:00Z,1758594092279,0.9989,200.45
2025-09-23T02:00:00Z,1758594092293,0.9989,1251.09
2025-09-23T02:00:00Z,1758594092455,0.9989,530.23
2025-09-23T02:00:00Z,1758594092727,0.9989,284.9
2025-09-23T02:00:00Z,1758594092766,0.9989,25040.53
2025-09-23T02:00:00Z,1758594092882,0.9989,715.99
2025-09-23T02:00:00Z,1758594092976,0.9989,736.71
2025-09-23T02:00:00Z,1758594093515,0.9989,1382.54
2025-09-23T02:00:00Z,1758594093782,0.9989,1382.54
2025-09-23T02:00:00Z,1758594094242,0.9989,1382.55
2025-09-23T02:00:00Z,1758594094513,0.9988,245.57
2025-09-23T02:00:00Z,1758594094789,0.9989,1382.55
2025-09-23T02:00:00Z,1758594094808,0.9989,24952.56
2025-09-23T02:00:00Z,1758594095262,0.9989,1382.55
2025-09-23T02:00:00Z,1758594095789,0.9989,1382.55
2025-09-23T02:00:00Z,1758594095841,0.9989,25066.92
2025-09-23T02:00:00Z,1758594095906,0.9988,243.9
2025-09-23T02:00:00Z,1758594096273,0.9989,287.02
2025-09-23T02:00:00Z,1758594096283,0.9989,1382.55
2025-09-23T02:00:00Z,1758594096432,0.9989,270.7
2025-09-23T02:00:00Z,1758594096785,0.9989,1382.56
2025-09-23T02:00:00Z,1758594097093,0.9989,1382.56
2025-09-23T02:00:00Z,1758594097171,0.9989,604.14
2025-09-23T02:00:00Z,1758594097202,0.9989,326.28
2025-09-23T02:00:00Z,1758594097230,0.9989,288.21
2025-09-23T02:00:00Z,1758594097354,0.9989,1382.56
2025-09-23T02:00:00Z,1758594097430,0.9989,293.21
2025-09-23T02:00:00Z,1758594097632,0.9989,1382.56
2025-09-23T02:00:00Z,1758594097655,0.9989,255.15
2025-09-23T02:00:00Z,1758594097662,0.9989,330.62
2025-09-23T02:00:00Z,1758594097909,0.9989,419.79
2025-09-23T02:00:00Z,1758594097926,0.9989,416.78
2025-09-23T02:00:00Z,1758594097950,0.9989,356.34
2025-09-23T02:00:00Z,1758594097954,0.9989,342.64
2025-09-23T02:00:00Z,1758594098038,0.9989,412.11
2025-09-23T02:00:00Z,1758594098071,0.9989,284.29
2025-09-23T02:00:00Z,1758594098090,0.9989,261.82
2025-09-23T02:00:00Z,1758594098099,0.9989,344.32
2025-09-23T02:00:00Z,1758594098110,0.9989,881.32
2025-09-23T02:00:00Z,1758594098140,0.9989,76.39
2025-09-23T02:00:00Z,1758594098144,0.9989,1382.56
2025-09-23T02:00:00Z,1758594098481,0.9989,478.15
2025-09-23T02:00:00Z,1758594098483,0.9989,696.18
2025-09-23T02:00:00Z,1758594098851,0.9989,24983.07
2025-09-23T02:00:00Z,1758594099513,0.9989,1382.57
2025-09-23T02:00:00Z,1758594100191,0.9989,243.66
2025-09-23T02:00:00Z,1758594100209,0.9989,245.32
2025-09-23T02:00:00Z,1758594100243,0.9989,1001.1
2025-09-23T02:00:00Z,1758594100257,0.9989,1382.57
2025-09-23T02:00:00Z,1758594100532,0.9989,64.64
2025-09-23T02:00:00Z,1758594100764,0.9989,1382.58
2025-09-23T02:00:00Z,1758594101308,0.9989,1382.58
2025-09-23T02:00:00Z,1758594101783,0.9989,1382.58
2025-09-23T02:00:00Z,1758594101844,0.9989,25047.21
2025-09-23T02:00:00Z,1758594102039,0.9989,278.55
2025-09-23T02:00:00Z,1758594102353,0.9989,1382.58
2025-09-23T02:00:00Z,1758594102792,0.9989,1382.58
2025-09-23T02:00:00Z,1758594103353,0.9989,1382.59
2025-09-23T02:00:00Z,1758594103784,0.9989,1382.59
2025-09-23T02:00:00Z,1758594104361,0.9989,1382.59
2025-09-23T02:00:00Z,1758594104790,0.9989,1382.59
2025-09-23T02:00:00Z,1758594104845,0.9989,24913.69
2025-09-23T02:00:00Z,1758594105133,0.9988,245.32
2025-09-23T02:00:00Z,1758594105527,0.9989,1382.59
2025-09-23T02:00:00Z,1758594106515,0.9989,1382.6
2025-09-23T02:00:00Z,1758594107197,0.9989,246.7
2025-09-23T02:00:00Z,1758594107539,0.9989,1382.6
2025-09-23T02:00:00Z,1758594107570,0.9989,24901.25
2025-09-23T02:00:00Z,1758594107805,0.9989,1382.61
2025-09-23T02:00:00Z,1758594108180,0.9989,269.3
2025-09-23T02:00:00Z,1758594108203,0.9989,1382.61
2025-09-23T02:00:00Z,1758594108596,0.9989,1382.61
2025-09-23T02:00:00Z,1758594109278,0.9989,1382.61
2025-09-23T02:00:00Z,1758594109552,0.9988,243.66
2025-09-23T02:00:00Z,1758594109616,0.9989,1382.61
2025-09-23T02:00:00Z,1758594110313,0.9989,1382.62
2025-09-23T02:00:00Z,1758594110634,0.9989,1382.62
2025-09-23T02:00:00Z,1758594110845,0.9989,25078.31
2025-09-23T02:00:00Z,1758594111788,0.9989,25093.92
2025-09-23T02:00:00Z,1758594111882,0.9989,1382.63
2025-09-23T02:00:00Z,1758594112368,0.9989,1382.63
2025-09-23T02:00:00Z,1758594112794,0.9989,1382.63
2025-09-23T02:00:00Z,1758594113366,0.9989,1382.63
2025-09-23T02:00:00Z,1758594113702,0.9989,1382.63
2025-09-23T02:00:00Z,1758594113845,0.9989,24966.77
2025-09-23T02:00:00Z,1758594114438,0.9989,245.07
2025-09-23T02:00:00Z,1758594114867,0.9989,100110.12
2025-09-23T02:00:00Z,1758594115004,0.9989,1382.64
2025-09-23T02:00:00Z,1758594115364,0.9989,1382.64
2025-09-23T02:00:00Z,1758594115751,0.9989,1382.65
2025-09-23T02:00:00Z,1758594116056,0.9989,1382.65
2025-09-23T02:00:00Z,1758594116085,0.9989,25105.08
2025-09-23T02:00:00Z,1758594116498,0.9988,246.7
2025-09-23T02:00:00Z,1758594116793,0.9989,1382.65
2025-09-23T02:00:00Z,1758594116851,0.9989,25007.23
2025-09-23T02:00:00Z,1758594117218,0.9989,1382.65
2025-09-23T02:00:00Z,1758594117543,0.9989,901.74
2025-09-23T02:00:00Z,1758594117706,0.9989,436.28
2025-09-23T02:00:00Z,1758594117751,0.9989,1382.65
2025-09-23T02:00:00Z,1758594117793,0.9989,243.41
2025-09-23T02:00:00Z,1758594118283,0.9989,1382.66
2025-09-23T02:00:00Z,1758594118303,0.9989,1122.98
2025-09-23T02:00:00Z,1758594118307,0.9989,24913.26
2025-09-23T02:00:00Z,1758594118796,0.9989,1382.66
2025-09-23T02:00:00Z,1758594119148,0.9989,108.43
2025-09-23T02:00:00Z,1758594119213,0.9989,24952.43
2025-09-23T02:00:00Z,1758594119338,0.9989,1382.67
2025-09-23T02:00:00Z,1758594119795,0.9989,1382.67
2025-09-23T02:00:00Z,1758594119818,0.9988,245.07
2025-09-23T02:00:00Z,1758594119846,0.9989,25052.36
2025-09-23T02:00:00Z,1758594120395,0.9989,1382.67
2025-09-23T02:00:00Z,1758594120810,0.9989,1382.67
2025-09-23T02:00:00Z,1758594121356,0.9989,16000.91
2025-09-23T02:00:00Z,1758594121356,0.9989,16002.21
2025-09-23T02:00:00Z,1758594121380,0.9989,7.0
2025-09-23T02:00:00Z,1758594121448,0.9989,1382.67
2025-09-23T02:00:00Z,1758594121514,0.9989,2717.96
2025-09-23T02:00:00Z,1758594121810,0.9989,246.45
2025-09-23T02:00:00Z,1758594122516,0.9989,1382.68
2025-09-23T02:00:00Z,1758594122551,0.9989,24897.15
2025-09-23T02:00:00Z,1758594122805,0.9989,1382.68
2025-09-23T02:00:00Z,1758594123120,0.9988,243.41
2025-09-23T02:00:00Z,1758594123356,0.9989,16000.91
2025-09-23T02:00:00Z,1758594123357,0.9989,16002.21
2025-09-23T02:00:00Z,1758594123378,0.9989,1382.69
2025-09-23T02:00:00Z,1758594123803,0.9989,1382.69
2025-09-23T02:00:00Z,1758594124376,0.9989,1382.69
2025-09-23T02:00:00Z,1758594124875,0.9989,1382.69
2025-09-23T02:00:00Z,1758594125356,0.9989,16002.21
2025-09-23T02:00:00Z,1758594125356,0.9989,16000.91
2025-09-23T02:00:00Z,1758594125371,0.9989,1382.69
2025-09-23T02:00:00Z,1758594125805,0.9989,1382.7
2025-09-23T02:00:00Z,1758594125851,0.9989,25121.1
2025-09-23T02:00:00Z,1758594126113,0.9989,244.83
2025-09-23T02:00:00Z,1758594126128,0.9989,1382.7
2025-09-23T02:00:00Z,1758594126129,0.9989,10011.01
2025-09-23T02:00:00Z,1758594126628,0.9989,1382.71
2025-09-23T02:00:00Z,1758594127005,0.9989,1382.71
2025-09-23T02:00:00Z,1758594127356,0.9989,16000.91
2025-09-23T02:00:00Z,1758594127356,0.9989,16002.21
2025-09-23T02:00:00Z,1758594127388,0.9989,1382.72
2025-09-23T02:00:00Z,1758594127847,0.9989,1382.72
2025-09-23T02:00:00Z,1758594128270,0.9989,1382.72
2025-09-23T02:00:00Z,1758594128427,0.9989,243.17
2025-09-23T02:00:00Z,1758594128813,0.9989,1382.72
2025-09-23T02:00:00Z,1758594129316,0.9988,9.8
2025-09-23T02:00:00Z,1758594129356,0.9989,16002.21
2025-09-23T02:00:00Z,1758594129356,0.9989,16000.91
2025-09-23T02:00:00Z,1758594129357,0.9989,1382.72
2025-09-23T02:00:00Z,1758594130130,0.9988,246.45
2025-09-23T02:00:00Z,1758594130662,0.9989,1382.73
2025-09-23T02:00:00Z,1758594130809,0.9989,1382.73
2025-09-23T02:00:00Z,1758594131113,0.9989,1382.74
2025-09-23T02:00:00Z,1758594131356,0.9989,16002.21
2025-09-23T02:00:00Z,1758594131356,0.9989,16000.91
2025-09-23T02:00:00Z,1758594131382,0.9989,1382.74
2025-09-23T02:00:00Z,1758594131774,0.9989,277.73
2025-09-23T02:00:00Z,1758594131825,0.9989,1382.75
2025-09-23T02:00:00Z,1758594132129,0.9989,1382.75
2025-09-23T02:00:00Z,1758594132356,0.9989,16000.91
2025-09-23T02:00:00Z,1758594132360,0.9989,16002.21
2025-09-23T02:00:00Z,1758594132493,0.9988,244.83
2025-09-23T02:00:00Z,1758594132820,0.9989,1382.75
2025-09-23T02:00:00Z,1758594133145,0.9989,1382.75
2025-09-23T02:00:00Z,1758594133357,0.9989,1070.81
2025-09-23T02:00:00Z,1758594133480,0.9989,495.01
2025-09-23T02:00:00Z,1758594133543,0.9989,1382.75
2025-09-23T02:00:00Z,1758594133867,0.9989,1382.76
2025-09-23T02:00:00Z,1758594134163,0.9989,1382.76
2025-09-23T02:00:00Z,1758594134315,0.9989,369.52
2025-09-23T02:00:00Z,1758594134356,0.9989,16000.91
2025-09-23T02:00:00Z,1758594134356,0.9989,16002.21
2025-09-23T02:00:00Z,1758594134502,0.9989,138561.0
2025-09-23T02:00:00Z,1758594134819,0.9988,16.69
2025-09-23T02:00:00Z,1758594134827,0.9989,1382.77
2025-09-23T02:00:00Z,1758594135233,0.9989,1382.77
2025-09-23T02:00:00Z,1758594135621,0.9989,1382.78
2025-09-23T02:00:00Z,1758594136165,0.9989,1382.78
2025-09-23T02:00:00Z,1758594136357,0.9989,16002.21
2025-09-23T02:00:00Z,1758594136357,0.9989,16000.91
2025-09-23T02:00:00Z,1758594136814,0.9989,1382.78
2025-09-23T02:00:00Z,1758594137286,0.9989,1382.78
2025-09-23T02:00:00Z,1758594137747,0.9988,243.17
2025-09-23T02:00:00Z,1758594137818,0.9989,1382.78
2025-09-23T02:00:00Z,1758594138252,0.9989,1382.78
2025-09-23T02:00:00Z,1758594138357,0.9989,16002.21
2025-09-23T02:00:00Z,1758594138357,0.9989,16000.91
2025-09-23T02:00:00Z,1758594138480,0.9989,246.2
2025-09-23T02:00:00Z,1758594138502,0.9989,509.55
2025-09-23T02:00:00Z,1758594138589,0.9989,1382.78
2025-09-23T02:00:00Z,1758594139124,0.9989,1382.79
2025-09-23T02:00:00Z,1758594139356,0.9989,16000.91
2025-09-23T02:00:00Z,1758594139431,0.9989,1382.79
2025-09-23T02:00:00Z,1758594139817,0.9989,1382.8
2025-09-23T02:00:00Z,1758594140147,0.9989,1382.8
2025-09-23T02:00:00Z,1758594140356,0.9989,16002.21
2025-09-23T02:00:00Z,1758594140360,0.9989,16000.91
2025-09-23T02:00:00Z,1758594140673,0.9989,1382.81
2025-09-23T02:00:00Z,1758594140787,0.9988,1000.0
2025-09-23T02:00:00Z,1758594141165,0.9989,662.36
2025-09-23T02:00:00Z,1758594141187,0.9989,1382.81
2025-09-23T02:00:00Z,1758594141724,0.9989,1382.81
2025-09-23T02:00:00Z,1758594141841,0.9989,244.58
2025-09-23T02:00:00Z,1758594142355,0.9989,16000.91
2025-09-23T02:00:00Z,1758594142356,0.9989,16002.21
2025-09-23T02:00:00Z,1758594143357,0.9989,16000.91
2025-09-23T02:00:00Z,1758594143516,0.9989,1382.81
2025-09-23T02:00:00Z,1758594143825,0.9989,1382.81
2025-09-23T02:00:00Z,1758594144128,0.9989,1021.5
2025-09-23T02:00:00Z,1758594144362,0.9989,1382.81
2025-09-23T02:00:00Z,1758594144836,0.9989,1382.81
2025-09-23T02:00:00Z,1758594145384,0.9989,1382.82
2025-09-23T02:00:00Z,1758594145927,0.9989,1382.82
2025-09-23T02:00:00Z,1758594146359,0.9989,300.33
2025-09-23T02:00:00Z,1758594146393,0.9989,1382.83
2025-09-23T02:00:00Z,1758594146764,0.9989,484.3
2025-09-23T02:00:00Z,1758594146824,0.9989,1382.83
2025-09-23T02:00:00Z,1758594147753,0.9988,246.2
2025-09-23T02:00:00Z,1758594148405,0.9989,1382.84
2025-09-23T02:00:00Z,1758594149155,0.9988,244.58
2025-09-23T02:00:00Z,1758594149356,0.9989,16000.91
2025-09-23T02:00:00Z,1758594149517,0.9989,1382.84
2025-09-23T02:00:00Z,1758594151471,0.9989,362.48
2025-09-23T02:00:00Z,1758594152209,0.9988,2000.0
2025-09-23T02:00:00Z,1758594153039,0.9989,245.96
2025-09-23T02:00:00Z,1758594154827,0.9989,100.0
2025-09-23T02:00:00Z,1758594157355,0.9989,16002.21
2025-09-23T02:00:00Z,1758594157355,0.9989,16000.91
2025-09-23T02:00:00Z,1758594157513,0.9989,1382.85
2025-09-23T02:00:00Z,1758594158356,0.9989,16000.91
2025-09-23T02:00:00Z,1758594158423,0.9989,244.34
2025-09-23T02:00:00Z,1758594159356,0.9989,16002.21
2025-09-23T02:00:00Z,1758594159359,0.9989,16000.91
2025-09-23T02:00:00Z,1758594161334,0.9988,245.96
2025-09-23T02:00:00Z,1758594161356,0.9989,16002.21
2025-09-23T02:00:00Z,1758594161356,0.9989,16000.91
2025-09-23T02:00:00Z,1758594163356,0.9989,16000.91
2025-09-23T02:00:00Z,1758594163356,0.9989,16002.21
2025-09-23T02:00:00Z,1758594164356,0.9989,16000.91
2025-09-23T02:00:00Z,1758594164360,0.9989,16002.21
2025-09-23T02:00:00Z,1758594165716,0.9988,244.34
2025-09-23T02:00:00Z,1758594165767,0.9989,1101.21
2025-09-23T02:00:00Z,1758594166356,0.9989,16002.21
2025-09-23T02:00:00Z,1758594166356,0.9989,16000.91
2025-09-23T02:00:00Z,1758594167636,0.9989,245.71
2025-09-23T02:00:00Z,1758594167642,0.9989,325498.89
2025-09-23T02:00:00Z,1758594167642,0.9989,999.68
2025-09-23T02:00:00Z,1758594167642,0.9989,153501.43
2025-09-23T02:00:00Z,1758594167857,0.9989,9664.22
2025-09-23T02:00:00Z,1758594168356,0.9989,16002.21
2025-09-23T02:00:00Z,1758594168356,0.9989,16000.91
2025-09-23T02:00:00Z,1758594169356,0.9989,16000.91
2025-09-23T02:00:00Z,1758594169589,0.9989,399.97
2025-09-23T02:00:00Z,1758594170014,0.9989,244.1
2025-09-23T02:00:00Z,1758594170355,0.9989,16002.21
2025-09-23T02:00:00Z,1758594170359,0.9989,16000.91
2025-09-23T02:00:00Z,1758594172356,0.9989,16000.91
2025-09-23T02:00:00Z,1758594172356,0.9989,16002.21
2025-09-23T02:00:00Z,1758594173356,0.9989,16000.91
2025-09-23T02:00:00Z,1758594174356,0.9989,16000.91
2025-09-23T02:00:00Z,1758594174356,0.9989,16002.21
2025-09-23T02:00:00Z,1758594174949,0.9988,245.71
2025-09-23T02:00:00Z,1758594175176,0.9989,102.0
2025-09-23T02:00:00Z,1758594175176,0.9989,88875.3
2025-09-23T02:00:00Z,1758594175176,0.9989,103.0
2025-09-23T02:00:00Z,1758594175176,0.9989,10.43
2025-09-23T02:00:00Z,1758594175176,0.9989,106067.5
2025-09-23T02:00:00Z,1758594175176,0.9989,10.41
2025-09-23T02:00:00Z,1758594175176,0.9989,10.54
2025-09-23T02:00:00Z,1758594175176,0.9989,1010.49
2025-09-23T02:00:00Z,1758594175176,0.9989,113777.01
2025-09-23T02:00:00Z,1758594175176,0.9989,10.42
2025-09-23T02:00:00Z,1758594175176,0.9989,2003.6
2025-09-23T02:00:00Z,1758594175176,0.9989,1076.31
2025-09-23T02:00:00Z,1758594175320,0.9989,244.1
2025-09-23T02:00:00Z,1758594176623,0.9989,300.85
2025-09-23T02:00:00Z,1758594183921,0.9989,972.49
2025-09-23T02:00:00Z,1758594186922,0.9989,244.07
2025-09-23T02:00:00Z,1758594191563,0.9989,245.44
2025-09-23T02:00:00Z,1758594197104,0.9989,1439.39
2025-09-23T02:00:00Z,1758594202519,0.9989,243.83
2025-09-23T02:00:00Z,1758594203161,0.9989,228.8
2025-09-23T02:00:00Z,1758594205403,0.9989,9.18
2025-09-23T02:00:00Z,1758594206175,0.9989,245.2
2025-09-23T02:00:00Z,1758594218113,0.9989,243.58
2025-09-23T02:00:00Z,1758594219737,0.9989,17.8
2025-09-23T02:00:00Z,1758594222775,0.9989,244.95
2025-09-23T02:00:00Z,1758594232749,0.9989,243.34
2025-09-23T02:00:00Z,1758594237361,0.9989,244.71
2025-09-23T02:00:00Z,1758594242710,0.9989,410.03
2025-09-23T02:00:00Z,1758594244730,0.9989,750.27
2025-09-23T02:00:00Z,1758594248982,0.9989,244.46
2025-09-23T02:00:00Z,1758594249810,0.9989,988.99
2025-09-23T02:00:00Z,1758595641778,0.9989,1754.73
2025-09-23T02:00:00Z,1758595642393,0.9989,48.77
2025-09-23T02:00:00Z,1758595649683,0.9989,244.78
2025-09-23T02:00:00Z,1758595651947,0.9989,5705.55
2025-09-23T02:00:00Z,1758595657249,0.9989,500.18
2025-09-23T02:00:00Z,1758595666332,0.9989,244.54
2025-09-23T02:00:00Z,1758595680974,0.9989,244.29
2025-09-23T02:00:00Z,1758595683798,0.9989,341.8
