time,uniswap_volume,bybit_volume,uniswap_min_price,uniswap_max_price,bybit_min_price,bybit_max_price
2025-07-01T00:00:00Z,0.0,0.0,,,,
2025-07-01T01:00:00Z,0.0,0.0,,,,
2025-07-01T02:00:00Z,0.0,0.0,,,,
2025-07-01T03:00:00Z,0.0,0.0,,,,
2025-07-01T04:00:00Z,0.0,0.0,,,,
2025-07-01T05:00:00Z,0.0,0.0,,,,
2025-07-01T06:00:00Z,0.0,0.0,,,,
2025-07-01T07:00:00Z,0.0,0.0,,,,
2025-07-01T08:00:00Z,0.0,0.0,,,,
2025-07-01T09:00:00Z,0.0,0.0,,,,
2025-07-01T10:00:00Z,0.0,0.0,,,,
2025-07-01T11:00:00Z,0.0,0.0,,,,
2025-07-01T12:00:00Z,0.0,0.0,,,,
2025-07-01T13:00:00Z,0.0,0.0,,,,
2025-07-01T14:00:00Z,0.0,0.0,,,,
2025-07-01T15:00:00Z,0.0,0.0,,,,
2025-07-01T16:00:00Z,0.0,0.0,,,,
2025-07-01T17:00:00Z,0.0,0.0,,,,
2025-07-01T18:00:00Z,0.0,0.0,,,,
2025-07-01T19:00:00Z,0.0,0.0,,,,
2025-07-01T20:00:00Z,0.0,0.0,,,,
2025-07-01T21:00:00Z,0.0,0.0,,,,
2025-07-01T22:00:00Z,0.0,0.0,,,,
2025-07-01T23:00:00Z,0.0,0.0,,,,
2025-07-02T00:00:00Z,0.0,0.0,,,,
2025-07-02T01:00:00Z,0.0,0.0,,,,
2025-07-02T02:00:00Z,0.0,0.0,,,,
2025-07-02T03:00:00Z,0.0,0.0,,,,
2025-07-02T04:00:00Z,0.0,0.0,,,,
2025-07-02T05:00:00Z,0.0,0.0,,,,
2025-07-02T06:00:00Z,0.0,0.0,,,,
2025-07-02T07:00:00Z,0.0,0.0,,,,
2025-07-02T08:00:00Z,0.0,0.0,,,,
2025-07-02T09:00:00Z,0.0,0.0,,,,
2025-07-02T10:00:00Z,0.0,0.0,,,,
2025-07-02T11:00:00Z,0.0,0.0,,,,
2025-07-02T12:00:00Z,0.0,0.0,,,,
2025-07-02T13:00:00Z,0.0,0.0,,,,
2025-07-02T14:00:00Z,0.0,0.0,,,,
2025-07-02T15:00:00Z,0.0,0.0,,,,
2025-07-02T16:00:00Z,0.0,1634058.5,,,0.99,0.9989
2025-07-02T17:00:00Z,0.0,0.0,,,,
2025-07-02T18:00:00Z,0.0,0.0,,,,
2025-07-02T19:00:00Z,0.0,0.0,,,,
2025-07-02T20:00:00Z,0.0,0.0,,,,
2025-07-02T21:00:00Z,0.0,0.0,,,,
2025-07-02T22:00:00Z,0.0,0.0,,,,
2025-07-02T23:00:00Z,0.0,0.0,,,,
2025-07-03T00:00:00Z,0.0,0.0,,,,
2025-07-03T01:00:00Z,0.0,0.0,,,,
2025-07-03T02:00:00Z,0.0,0.0,,,,
2025-07-03T03:00:00Z,0.0,0.0,,,,
2025-07-03T04:00:00Z,0.0,0.0,,,,
2025-07-03T05:00:00Z,0.0,0.0,,,,
2025-07-03T06:00:00Z,0.0,0.0,,,,
2025-07-03T07:00:00Z,0.0,0.0,,,,
2025-07-03T08:00:00Z,0.0,0.0,,,,
2025-07-03T09:00:00Z,0.0,0.0,,,,
2025-07-03T10:00:00Z,0.0,0.0,,,,
2025-07-03T11:00:00Z,0.0,0.0,,,,
2025-07-03T12:00:00Z,0.0,0.0,,,,
2025-07-03T13:00:00Z,0.0,0.0,,,,
2025-07-03T14:00:00Z,0.0,0.0,,,,
2025-07-03T15:00:00Z,0.0,0.0,,,,
2025-07-03T16:00:00Z,0.0,0.0,,,,
2025-07-03T17:00:00Z,0.0,0.0,,,,
2025-07-03T18:00:00Z,0.0,0.0,,,,
2025-07-03T19:00:00Z,0.0,0.0,,,,
2025-07-03T20:00:00Z,0.0,0.0,,,,
2025-07-03T21:00:00Z,0.0,0.0,,,,
2025-07-03T22:00:00Z,0.0,0.0,,,,
2025-07-03T23:00:00Z,0.0,0.0,,,,
2025-07-04T00:00:00Z,0.0,0.0,,,,
2025-07-04T01:00:00Z,0.0,0.0,,,,
2025-07-04T02:00:00Z,0.0,0.0,,,,
2025-07-04T03:00:00Z,0.0,0.0,,,,
2025-07-04T04:00:00Z,0.0,0.0,,,,
2025-07-04T05:00:00Z,0.0,0.0,,,,
2025-07-04T06:00:00Z,0.0,0.0,,,,
2025-07-04T07:00:00Z,0.0,0.0,,,,
2025-07-04T08:00:00Z,0.0,0.0,,,,
2025-07-04T09:00:00Z,0.0,0.0,,,,
2025-07-04T10:00:00Z,0.0,0.0,,,,
2025-07-04T11:00:00Z,0.0,0.0,,,,
2025-07-04T12:00:00Z,0.0,0.0,,,,
2025-07-04T13:00:00Z,0.0,0.0,,,,
2025-07-04T14:00:00Z,0.0,0.0,,,,
2025-07-04T15:00:00Z,0.0,0.0,,,,
2025-07-04T16:00:00Z,0.0,0.0,,,,
2025-07-04T17:00:00Z,0.0,0.0,,,,
2025-07-04T18:00:00Z,0.0,0.0,,,,
2025-07-04T19:00:00Z,0.0,0.0,,,,
2025-07-04T20:00:00Z,0.0,0.0,,,,
2025-07-04T21:00:00Z,0.0,0.0,,,,
2025-07-04T22:00:00Z,0.0,0.0,,,,
2025-07-04T23:00:00Z,0.0,0.0,,,,
2025-07-05T00:00:00Z,0.0,0.0,,,,
2025-07-05T01:00:00Z,0.0,0.0,,,,
2025-07-05T02:00:00Z,0.0,0.0,,,,
2025-07-05T03:00:00Z,0.0,0.0,,,,
2025-07-05T04:00:00Z,0.0,0.0,,,,
2025-07-05T05:00:00Z,0.0,0.0,,,,
2025-07-05T06:00:00Z,0.0,0.0,,,,
2025-07-05T07:00:00Z,0.0,0.0,,,,
2025-07-05T08:00:00Z,0.0,0.0,,,,
2025-07-05T09:00:00Z,0.0,0.0,,,,
2025-07-05T10:00:00Z,0.0,0.0,,,,
2025-07-05T11:00:00Z,0.0,0.0,,,,
2025-07-05T12:00:00Z,0.0,0.0,,,,
2025-07-05T13:00:00Z,0.0,0.0,,,,
2025-07-05T14:00:00Z,0.0,0.0,,,,
2025-07-05T15:00:00Z,0.0,0.0,,,,
2025-07-05T16:00:00Z,0.0,0.0,,,,
2025-07-05T17:00:00Z,0.0,0.0,,,,
2025-07-05T18:00:00Z,0.0,0.0,,,,
2025-07-05T19:00:00Z,0.0,0.0,,,,
2025-07-05T20:00:00Z,0.0,0.0,,,,
2025-07-05T21:00:00Z,0.0,0.0,,,,
2025-07-05T22:00:00Z,0.0,0.0,,,,
2025-07-05T23:00:00Z,0.0,0.0,,,,
2025-07-06T00:00:00Z,0.0,0.0,,,,
2025-07-06T01:00:00Z,0.0,0.0,,,,
2025-07-06T02:00:00Z,0.0,0.0,,,,
2025-07-06T03:00:00Z,0.0,0.0,,,,
2025-07-06T04:00:00Z,0.0,0.0,,,,
2025-07-06T05:00:00Z,0.0,0.0,,,,
2025-07-06T06:00:00Z,0.0,0.0,,,,
2025-07-06T07:00:00Z,0.0,0.0,,,,
2025-07-06T08:00:00Z,0.0,0.0,,,,
2025-07-06T09:00:00Z,0.0,0.0,,,,
2025-07-06T10:00:00Z,0.0,0.0,,,,
2025-07-06T11:00:00Z,0.0,0.0,,,,
2025-07-06T12:00:00Z,0.0,0.0,,,,
2025-07-06T13:00:00Z,0.0,0.0,,,,
2025-07-06T14:00:00Z,0.0,0.0,,,,
2025-07-06T15:00:00Z,0.0,0.0,,,,
2025-07-06T16:00:00Z,0.0,0.0,,,,
2025-07-06T17:00:00Z,0.0,0.0,,,,
2025-07-06T18:00:00Z,0.0,0.0,,,,
2025-07-06T19:00:00Z,0.0,0.0,,,,
2025-07-06T20:00:00Z,0.0,0.0,,,,
2025-07-06T21:00:00Z,0.0,0.0,,,,
2025-07-06T22:00:00Z,0.0,0.0,,,,
2025-07-06T23:00:00Z,0.0,0.0,,,,
2025-07-07T00:00:00Z,0.0,0.0,,,,
2025-07-07T01:00:00Z,0.0,0.0,,,,
2025-07-07T02:00:00Z,0.0,0.0,,,,
2025-07-07T03:00:00Z,0.0,0.0,,,,
2025-07-07T04:00:00Z,0.0,0.0,,,,
2025-07-07T05:00:00Z,0.0,0.0,,,,
2025-07-07T06:00:00Z,0.0,0.0,,,,
2025-07-07T07:00:00Z,0.0,0.0,,,,
2025-07-07T08:00:00Z,0.0,0.0,,,,
2025-07-07T09:00:00Z,0.0,0.0,,,,
2025-07-07T10:00:00Z,0.0,0.0,,,,
2025-07-07T11:00:00Z,0.0,0.0,,,,
2025-07-07T12:00:00Z,0.0,0.0,,,,
2025-07-07T13:00:00Z,0.0,0.0,,,,
2025-07-07T14:00:00Z,0.0,0.0,,,,
2025-07-07T15:00:00Z,0.0,0.0,,,,
2025-07-07T16:00:00Z,0.0,0.0,,,,
2025-07-07T17:00:00Z,0.0,0.0,,,,
2025-07-07T18:00:00Z,0.0,0.0,,,,
2025-07-07T19:00:00Z,0.0,0.0,,,,
2025-07-07T20:00:00Z,0.0,0.0,,,,
2025-07-07T21:00:00Z,0.0,0.0,,,,
2025-07-07T22:00:00Z,0.0,0.0,,,,
2025-07-07T23:00:00Z,0.0,0.0,,,,
2025-07-08T00:00:00Z,0.0,0.0,,,,
2025-07-08T01:00:00Z,0.0,0.0,,,,
2025-07-08T02:00:00Z,0.0,0.0,,,,
2025-07-08T03:00:00Z,0.0,0.0,,,,
2025-07-08T04:00:00Z,0.0,0.0,,,,
2025-07-08T05:00:00Z,0.0,0.0,,,,
2025-07-08T06:00:00Z,0.0,0.0,,,,
2025-07-08T07:00:00Z,0.0,0.0,,,,
2025-07-08T08:00:00Z,0.0,0.0,,,,
2025-07-08T09:00:00Z,0.0,0.0,,,,
2025-07-08T10:00:00Z,0.0,0.0,,,,
2025-07-08T11:00:00Z,0.0,0.0,,,,
2025-07-08T12:00:00Z,0.0,0.0,,,,
2025-07-08T13:00:00Z,0.0,0.0,,,,
2025-07-08T14:00:00Z,0.0,0.0,,,,
2025-07-08T15:00:00Z,0.0,0.0,,,,
2025-07-08T16:00:00Z,0.0,0.0,,,,
2025-07-08T17:00:00Z,0.0,0.0,,,,
2025-07-08T18:00:00Z,0.0,0.0,,,,
2025-07-08T19:00:00Z,0.0,0.0,,,,
2025-07-08T20:00:00Z,0.0,0.0,,,,
2025-07-08T21:00:00Z,0.0,0.0,,,,
2025-07-08T22:00:00Z,0.0,0.0,,,,
2025-07-08T23:00:00Z,0.0,0.0,,,,
2025-07-09T00:00:00Z,0.0,0.0,,,,
2025-07-09T01:00:00Z,0.0,0.0,,,,
2025-07-09T02:00:00Z,0.0,0.0,,,,
2025-07-09T03:00:00Z,0.0,0.0,,,,
2025-07-09T04:00:00Z,0.0,0.0,,,,
2025-07-09T05:00:00Z,0.0,0.0,,,,
2025-07-09T06:00:00Z,0.0,0.0,,,,
2025-07-09T07:00:00Z,0.0,0.0,,,,
2025-07-09T08:00:00Z,0.0,0.0,,,,
2025-07-09T09:00:00Z,0.0,0.0,,,,
2025-07-09T10:00:00Z,0.0,0.0,,,,
2025-07-09T11:00:00Z,0.0,0.0,,,,
2025-07-09T12:00:00Z,0.0,0.0,,,,
2025-07-09T13:00:00Z,0.0,0.0,,,,
2025-07-09T14:00:00Z,0.0,0.0,,,,
2025-07-09T15:00:00Z,0.0,0.0,,,,
2025-07-09T16:00:00Z,0.0,0.0,,,,
2025-07-09T17:00:00Z,0.0,0.0,,,,
2025-07-09T18:00:00Z,0.0,0.0,,,,
2025-07-09T19:00:00Z,0.0,0.0,,,,
2025-07-09T20:00:00Z,0.0,0.0,,,,
2025-07-09T21:00:00Z,0.0,0.0,,,,
2025-07-09T22:00:00Z,0.0,0.0,,,,
2025-07-09T23:00:00Z,0.0,0.0,,,,
2025-07-10T00:00:00Z,0.0,0.0,,,,
2025-07-10T01:00:00Z,0.0,0.0,,,,
2025-07-10T02:00:00Z,0.0,0.0,,,,
2025-07-10T03:00:00Z,0.0,0.0,,,,
2025-07-10T04:00:00Z,0.0,0.0,,,,
2025-07-10T05:00:00Z,0.0,0.0,,,,
2025-07-10T06:00:00Z,0.0,0.0,,,,
2025-07-10T07:00:00Z,0.0,0.0,,,,
2025-07-10T08:00:00Z,0.0,0.0,,,,
2025-07-10T09:00:00Z,0.0,0.0,,,,
2025-07-10T10:00:00Z,0.0,0.0,,,,
2025-07-10T11:00:00Z,0.0,0.0,,,,
2025-07-10T12:00:00Z,0.0,0.0,,,,
2025-07-10T13:00:00Z,0.0,0.0,,,,
2025-07-10T14:00:00Z,0.0,0.0,,,,
2025-07-10T15:00:00Z,0.0,0.0,,,,
2025-07-10T16:00:00Z,0.0,0.0,,,,
2025-07-10T17:00:00Z,0.0,0.0,,,,
2025-07-10T18:00:00Z,0.0,0.0,,,,
2025-07-10T19:00:00Z,0.0,0.0,,,,
2025-07-10T20:00:00Z,0.0,0.0,,,,
2025-07-10T21:00:00Z,0.0,0.0,,,,
2025-07-10T22:00:00Z,0.0,0.0,,,,
2025-07-10T23:00:00Z,0.0,0.0,,,,
2025-07-11T00:00:00Z,0.0,0.0,,,,
2025-07-11T01:00:00Z,0.0,0.0,,,,
2025-07-11T02:00:00Z,0.0,0.0,,,,
2025-07-11T03:00:00Z,0.0,0.0,,,,
2025-07-11T04:00:00Z,0.0,0.0,,,,
2025-07-11T05:00:00Z,0.0,0.0,,,,
2025-07-11T06:00:00Z,0.0,0.0,,,,
2025-07-11T07:00:00Z,0.0,0.0,,,,
2025-07-11T08:00:00Z,0.0,0.0,,,,
2025-07-11T09:00:00Z,0.0,0.0,,,,
2025-07-11T10:00:00Z,0.0,0.0,,,,
2025-07-11T11:00:00Z,0.0,0.0,,,,
2025-07-11T12:00:00Z,0.0,0.0,,,,
2025-07-11T13:00:00Z,0.0,0.0,,,,
2025-07-11T14:00:00Z,0.0,0.0,,,,
2025-07-11T15:00:00Z,0.0,0.0,,,,
2025-07-11T16:00:00Z,0.0,0.0,,,,
2025-07-11T17:00:00Z,0.0,0.0,,,,
2025-07-11T18:00:00Z,0.0,0.0,,,,
2025-07-11T19:00:00Z,0.0,0.0,,,,
2025-07-11T20:00:00Z,0.0,0.0,,,,
2025-07-11T21:00:00Z,0.0,0.0,,,,
2025-07-11T22:00:00Z,0.0,0.0,,,,
2025-07-11T23:00:00Z,0.0,0.0,,,,
2025-07-12T00:00:00Z,0.0,0.0,,,,
2025-07-12T01:00:00Z,0.0,0.0,,,,
2025-07-12T02:00:00Z,0.0,0.0,,,,
2025-07-12T03:00:00Z,0.0,0.0,,,,
2025-07-12T04:00:00Z,0.0,0.0,,,,
2025-07-12T05:00:00Z,0.0,0.0,,,,
2025-07-12T06:00:00Z,0.0,0.0,,,,
2025-07-12T07:00:00Z,0.0,0.0,,,,
2025-07-12T08:00:00Z,0.0,0.0,,,,
2025-07-12T09:00:00Z,0.0,0.0,,,,
2025-07-12T10:00:00Z,0.0,0.0,,,,
2025-07-12T11:00:00Z,0.0,0.0,,,,
2025-07-12T12:00:00Z,0.0,0.0,,,,
2025-07-12T13:00:00Z,0.0,0.0,,,,
2025-07-12T14:00:00Z,0.0,0.0,,,,
2025-07-12T15:00:00Z,0.0,0.0,,,,
2025-07-12T16:00:00Z,0.0,0.0,,,,
2025-07-12T17:00:00Z,0.0,0.0,,,,
2025-07-12T18:00:00Z,0.0,0.0,,,,
2025-07-12T19:00:00Z,0.0,0.0,,,,
2025-07-12T20:00:00Z,0.0,0.0,,,,
2025-07-12T21:00:00Z,0.0,0.0,,,,
2025-07-12T22:00:00Z,0.0,0.0,,,,
2025-07-12T23:00:00Z,0.0,0.0,,,,
2025-07-13T00:00:00Z,0.0,0.0,,,,
2025-07-13T01:00:00Z,0.0,0.0,,,,
2025-07-13T02:00:00Z,0.0,0.0,,,,
2025-07-13T03:00:00Z,0.0,0.0,,,,
2025-07-13T04:00:00Z,0.0,0.0,,,,
2025-07-13T05:00:00Z,0.0,0.0,,,,
2025-07-13T06:00:00Z,0.0,0.0,,,,
2025-07-13T07:00:00Z,0.0,0.0,,,,
2025-07-13T08:00:00Z,0.0,0.0,,,,
2025-07-13T09:00:00Z,0.0,0.0,,,,
2025-07-13T10:00:00Z,0.0,0.0,,,,
2025-07-13T11:00:00Z,0.0,0.0,,,,
2025-07-13T12:00:00Z,0.0,0.0,,,,
2025-07-13T13:00:00Z,0.0,0.0,,,,
2025-07-13T14:00:00Z,0.0,0.0,,,,
2025-07-13T15:00:00Z,0.0,0.0,,,,
2025-07-13T16:00:00Z,0.0,0.0,,,,
2025-07-13T17:00:00Z,0.0,0.0,,,,
2025-07-13T18:00:00Z,0.0,0.0,,,,
2025-07-13T19:00:00Z,17295976.339675,0.0,0.969507,0.998858,,
2025-07-13T20:00:00Z,0.0,0.0,,,,
2025-07-13T21:00:00Z,0.0,0.0,,,,
2025-07-13T22:00:00Z,0.0,0.0,,,,
2025-07-13T23:00:00Z,0.0,0.0,,,,
2025-07-14T00:00:00Z,0.0,0.0,,,,
2025-07-14T01:00:00Z,0.0,0.0,,,,
2025-07-14T02:00:00Z,0.0,0.0,,,,
2025-07-14T03:00:00Z,0.0,0.0,,,,
2025-07-14T04:00:00Z,0.0,0.0,,,,
2025-07-14T05:00:00Z,0.0,0.0,,,,
2025-07-14T06:00:00Z,0.0,0.0,,,,
2025-07-14T07:00:00Z,0.0,0.0,,,,
2025-07-14T08:00:00Z,0.0,0.0,,,,
2025-07-14T09:00:00Z,0.0,0.0,,,,
2025-07-14T10:00:00Z,0.0,0.0,,,,
2025-07-14T11:00:00Z,0.0,0.0,,,,
2025-07-14T12:00:00Z,0.0,0.0,,,,
2025-07-14T13:00:00Z,0.0,0.0,,,,
2025-07-14T14:00:00Z,0.0,0.0,,,,
2025-07-14T15:00:00Z,0.0,0.0,,,,
2025-07-14T16:00:00Z,0.0,0.0,,,,
2025-07-14T17:00:00Z,0.0,0.0,,,,
2025-07-14T18:00:00Z,0.0,0.0,,,,
2025-07-14T19:00:00Z,0.0,0.0,,,,
2025-07-14T20:00:00Z,0.0,0.0,,,,
2025-07-14T21:00:00Z,0.0,0.0,,,,
2025-07-14T22:00:00Z,0.0,0.0,,,,
2025-07-14T23:00:00Z,0.0,0.0,,,,
2025-07-15T00:00:00Z,0.0,0.0,,,,
2025-07-15T01:00:00Z,0.0,0.0,,,,
2025-07-15T02:00:00Z,0.0,0.0,,,,
2025-07-15T03:00:00Z,0.0,0.0,,,,
2025-07-15T04:00:00Z,0.0,0.0,,,,
2025-07-15T05:00:00Z,0.0,0.0,,,,
2025-07-15T06:00:00Z,0.0,0.0,,,,
2025-07-15T07:00:00Z,0.0,0.0,,,,
2025-07-15T08:00:00Z,0.0,0.0,,,,
2025-07-15T09:00:00Z,0.0,0.0,,,,
2025-07-15T10:00:00Z,0.0,0.0,,,,
2025-07-15T11:00:00Z,0.0,0.0,,,,
2025-07-15T12:00:00Z,0.0,0.0,,,,
2025-07-15T13:00:00Z,0.0,0.0,,,,
2025-07-15T14:00:00Z,0.0,0.0,,,,
2025-07-15T15:00:00Z,0.0,0.0,,,,
2025-07-15T16:00:00Z,0.0,0.0,,,,
2025-07-15T17:00:00Z,0.0,0.0,,,,
2025-07-15T18:00:00Z,0.0,0.0,,,,
2025-07-15T19:00:00Z,0.0,0.0,,,,
2025-07-15T20:00:00Z,0.0,0.0,,,,
2025-07-15T21:00:00Z,0.0,0.0,,,,
2025-07-15T22:00:00Z,0.0,0.0,,,,
2025-07-15T23:00:00Z,0.0,0.0,,,,
2025-07-16T00:00:00Z,0.0,0.0,,,,
2025-07-16T01:00:00Z,0.0,0.0,,,,
2025-07-16T02:00:00Z,0.0,0.0,,,,
2025-07-16T03:00:00Z,0.0,0.0,,,,
2025-07-16T04:00:00Z,0.0,0.0,,,,
2025-07-16T05:00:00Z,0.0,0.0,,,,
2025-07-16T06:00:00Z,0.0,0.0,,,,
2025-07-16T07:00:00Z,0.0,0.0,,,,
2025-07-16T08:00:00Z,0.0,0.0,,,,
2025-07-16T09:00:00Z,0.0,0.0,,,,
2025-07-16T10:00:00Z,0.0,0.0,,,,
2025-07-16T11:00:00Z,0.0,0.0,,,,
2025-07-16T12:00:00Z,0.0,0.0,,,,
2025-07-16T13:00:00Z,0.0,0.0,,,,
2025-07-16T14:00:00Z,0.0,0.0,,,,
2025-07-16T15:00:00Z,0.0,0.0,,,,
2025-07-16T16:00:00Z,0.0,0.0,,,,
2025-07-16T17:00:00Z,0.0,0.0,,,,
2025-07-16T18:00:00Z,0.0,0.0,,,,
2025-07-16T19:00:00Z,0.0,0.0,,,,
2025-07-16T20:00:00Z,0.0,0.0,,,,
2025-07-16T21:00:00Z,0.0,0.0,,,,
2025-07-16T22:00:00Z,0.0,0.0,,,,
2025-07-16T23:00:00Z,0.0,0.0,,,,
2025-07-17T00:00:00Z,0.0,0.0,,,,
2025-07-17T01:00:00Z,0.0,0.0,,,,
2025-07-17T02:00:00Z,0.0,0.0,,,,
2025-07-17T03:00:00Z,0.0,0.0,,,,
2025-07-17T04:00:00Z,0.0,0.0,,,,
2025-07-17T05:00:00Z,0.0,0.0,,,,
2025-07-17T06:00:00Z,0.0,0.0,,,,
2025-07-17T07:00:00Z,0.0,0.0,,,,
2025-07-17T08:00:00Z,0.0,0.0,,,,
2025-07-17T09:00:00Z,0.0,0.0,,,,
2025-07-17T10:00:00Z,0.0,0.0,,,,
2025-07-17T11:00:00Z,0.0,0.0,,,,
2025-07-17T12:00:00Z,0.0,0.0,,,,
2025-07-17T13:00:00Z,0.0,0.0,,,,
2025-07-17T14:00:00Z,0.0,0.0,,,,
2025-07-17T15:00:00Z,0.0,0.0,,,,
2025-07-17T16:00:00Z,0.0,0.0,,,,
2025-07-17T17:00:00Z,0.0,0.0,,,,
2025-07-17T18:00:00Z,0.0,0.0,,,,
2025-07-17T19:00:00Z,0.0,0.0,,,,
2025-07-17T20:00:00Z,0.0,0.0,,,,
2025-07-17T21:00:00Z,0.0,0.0,,,,
2025-07-17T22:00:00Z,0.0,0.0,,,,
2025-07-17T23:00:00Z,0.0,0.0,,,,
2025-07-18T00:00:00Z,0.0,0.0,,,,
2025-07-18T01:00:00Z,0.0,0.0,,,,
2025-07-18T02:00:00Z,0.0,0.0,,,,
2025-07-18T03:00:00Z,0.0,0.0,,,,
2025-07-18T04:00:00Z,0.0,0.0,,,,
2025-07-18T05:00:00Z,930373.100802,0.0,0.99889,0.998947,,
2025-07-18T06:00:00Z,387751.942677,0.0,0.998938,0.99896,,
2025-07-18T07:00:00Z,9432589.748271,0.0,0.998,0.998995,,
2025-07-18T08:00:00Z,898171.521547,0.0,0.998932,0.998995,,
2025-07-18T09:00:00Z,0.0,0.0,,,,
2025-07-18T10:00:00Z,0.0,1107704.0,,,0.9951,0.9989
2025-07-18T11:00:00Z,0.0,0.0,,,,
2025-07-18T12:00:00Z,0.0,0.0,,,,
2025-07-18T13:00:00Z,0.0,0.0,,,,
2025-07-18T14:00:00Z,0.0,0.0,,,,
2025-07-18T15:00:00Z,0.0,0.0,,,,
2025-07-18T16:00:00Z,0.0,0.0,,,,
2025-07-18T17:00:00Z,0.0,0.0,,,,
2025-07-18T18:00:00Z,0.0,0.0,,,,
2025-07-18T19:00:00Z,0.0,0.0,,,,
2025-07-18T20:00:00Z,0.0,0.0,,,,
2025-07-18T21:00:00Z,0.0,0.0,,,,
2025-07-18T22:00:00Z,0.0,0.0,,,,
2025-07-18T23:00:00Z,0.0,0.0,,,,
2025-07-19T00:00:00Z,0.0,0.0,,,,
2025-07-19T01:00:00Z,0.0,0.0,,,,
2025-07-19T02:00:00Z,0.0,0.0,,,,
2025-07-19T03:00:00Z,0.0,0.0,,,,
2025-07-19T04:00:00Z,0.0,0.0,,,,
2025-07-19T05:00:00Z,0.0,0.0,,,,
2025-07-19T06:00:00Z,0.0,0.0,,,,
2025-07-19T07:00:00Z,0.0,0.0,,,,
2025-07-19T08:00:00Z,0.0,0.0,,,,
2025-07-19T09:00:00Z,0.0,0.0,,,,
2025-07-19T10:00:00Z,0.0,0.0,,,,
2025-07-19T11:00:00Z,0.0,0.0,,,,
2025-07-19T12:00:00Z,0.0,0.0,,,,
2025-07-19T13:00:00Z,0.0,0.0,,,,
2025-07-19T14:00:00Z,0.0,0.0,,,,
2025-07-19T15:00:00Z,0.0,0.0,,,,
2025-07-19T16:00:00Z,0.0,0.0,,,,
2025-07-19T17:00:00Z,0.0,0.0,,,,
2025-07-19T18:00:00Z,0.0,0.0,,,,
2025-07-19T19:00:00Z,0.0,0.0,,,,
2025-07-19T20:00:00Z,0.0,0.0,,,,
2025-07-19T21:00:00Z,0.0,0.0,,,,
2025-07-19T22:00:00Z,0.0,0.0,,,,
2025-07-19T23:00:00Z,0.0,0.0,,,,
2025-07-20T00:00:00Z,0.0,0.0,,,,
2025-07-20T01:00:00Z,0.0,0.0,,,,
2025-07-20T02:00:00Z,0.0,0.0,,,,
2025-07-20T03:00:00Z,0.0,0.0,,,,
2025-07-20T04:00:00Z,0.0,0.0,,,,
2025-07-20T05:00:00Z,0.0,0.0,,,,
2025-07-20T06:00:00Z,0.0,0.0,,,,
2025-07-20T07:00:00Z,0.0,0.0,,,,
2025-07-20T08:00:00Z,0.0,0.0,,,,
2025-07-20T09:00:00Z,0.0,0.0,,,,
2025-07-20T10:00:00Z,0.0,0.0,,,,
2025-07-20T11:00:00Z,0.0,0.0,,,,
2025-07-20T12:00:00Z,0.0,0.0,,,,
2025-07-20T13:00:00Z,0.0,0.0,,,,
2025-07-20T14:00:00Z,0.0,0.0,,,,
2025-07-20T15:00:00Z,0.0,0.0,,,,
2025-07-20T16:00:00Z,0.0,0.0,,,,
2025-07-20T17:00:00Z,0.0,0.0,,,,
2025-07-20T18:00:00Z,0.0,0.0,,,,
2025-07-20T19:00:00Z,0.0,0.0,,,,
2025-07-20T20:00:00Z,0.0,0.0,,,,
2025-07-20T21:00:00Z,0.0,0.0,,,,
2025-07-20T22:00:00Z,0.0,0.0,,,,
2025-07-20T23:00:00Z,13353552.23612,0.0,0.799524,0.998414,,
2025-07-21T00:00:00Z,6414636.363128,0.0,0.988528,0.998878,,
2025-07-21T01:00:00Z,0.0,0.0,,,,
2025-07-21T02:00:00Z,0.0,0.0,,,,
2025-07-21T03:00:00Z,0.0,0.0,,,,
2025-07-21T04:00:00Z,0.0,0.0,,,,
2025-07-21T05:00:00Z,0.0,0.0,,,,
2025-07-21T06:00:00Z,0.0,0.0,,,,
2025-07-21T07:00:00Z,0.0,0.0,,,,
2025-07-21T08:00:00Z,0.0,0.0,,,,
2025-07-21T09:00:00Z,0.0,0.0,,,,
2025-07-21T10:00:00Z,0.0,0.0,,,,
2025-07-21T11:00:00Z,0.0,0.0,,,,
2025-07-21T12:00:00Z,0.0,0.0,,,,
2025-07-21T13:00:00Z,0.0,0.0,,,,
2025-07-21T14:00:00Z,0.0,0.0,,,,
2025-07-21T15:00:00Z,0.0,0.0,,,,
2025-07-21T16:00:00Z,0.0,0.0,,,,
2025-07-21T17:00:00Z,0.0,0.0,,,,
2025-07-21T18:00:00Z,0.0,0.0,,,,
2025-07-21T19:00:00Z,0.0,0.0,,,,
2025-07-21T20:00:00Z,0.0,0.0,,,,
2025-07-21T21:00:00Z,0.0,0.0,,,,
2025-07-21T22:00:00Z,0.0,0.0,,,,
2025-07-21T23:00:00Z,0.0,0.0,,,,
2025-07-22T00:00:00Z,0.0,0.0,,,,
2025-07-22T01:00:00Z,0.0,0.0,,,,
2025-07-22T02:00:00Z,0.0,0.0,,,,
2025-07-22T03:00:00Z,0.0,0.0,,,,
2025-07-22T04:00:00Z,0.0,0.0,,,,
2025-07-22T05:00:00Z,0.0,0.0,,,,
2025-07-22T06:00:00Z,3897649.881559,0.0,0.994466,0.998831,,
2025-07-22T07:00:00Z,0.0,0.0,,,,
2025-07-22T08:00:00Z,0.0,0.0,,,,
2025-07-22T09:00:00Z,0.0,0.0,,,,
2025-07-22T10:00:00Z,0.0,0.0,,,,
2025-07-22T11:00:00Z,0.0,0.0,,,,
2025-07-22T12:00:00Z,0.0,0.0,,,,
2025-07-22T13:00:00Z,0.0,0.0,,,,
2025-07-22T14:00:00Z,0.0,0.0,,,,
2025-07-22T15:00:00Z,4397354.12564,0.0,0.994367,0.998876,,
2025-07-22T16:00:00Z,0.0,0.0,,,,
2025-07-22T17:00:00Z,0.0,0.0,,,,
2025-07-22T18:00:00Z,0.0,0.0,,,,
2025-07-22T19:00:00Z,0.0,0.0,,,,
2025-07-22T20:00:00Z,0.0,0.0,,,,
2025-07-22T21:00:00Z,0.0,0.0,,,,
2025-07-22T22:00:00Z,0.0,0.0,,,,
2025-07-22T23:00:00Z,0.0,0.0,,,,
2025-07-23T00:00:00Z,0.0,0.0,,,,
2025-07-23T01:00:00Z,0.0,0.0,,,,
2025-07-23T02:00:00Z,0.0,0.0,,,,
2025-07-23T03:00:00Z,0.0,0.0,,,,
2025-07-23T04:00:00Z,0.0,0.0,,,,
2025-07-23T05:00:00Z,0.0,0.0,,,,
2025-07-23T06:00:00Z,0.0,0.0,,,,
2025-07-23T07:00:00Z,0.0,0.0,,,,
2025-07-23T08:00:00Z,0.0,0.0,,,,
2025-07-23T09:00:00Z,0.0,0.0,,,,
2025-07-23T10:00:00Z,0.0,0.0,,,,
2025-07-23T11:00:00Z,0.0,0.0,,,,
2025-07-23T12:00:00Z,0.0,0.0,,,,
2025-07-23T13:00:00Z,0.0,0.0,,,,
2025-07-23T14:00:00Z,0.0,0.0,,,,
2025-07-23T15:00:00Z,0.0,0.0,,,,
2025-07-23T16:00:00Z,0.0,0.0,,,,
2025-07-23T17:00:00Z,0.0,0.0,,,,
2025-07-23T18:00:00Z,0.0,0.0,,,,
2025-07-23T19:00:00Z,0.0,0.0,,,,
2025-07-23T20:00:00Z,18856311.409334,0.0,1.001016,1.099599,,
2025-07-23T21:00:00Z,0.0,0.0,,,,
2025-07-23T22:00:00Z,0.0,0.0,,,,
2025-07-23T23:00:00Z,0.0,0.0,,,,
2025-07-24T00:00:00Z,0.0,0.0,,,,
2025-07-24T01:00:00Z,0.0,0.0,,,,
2025-07-24T02:00:00Z,0.0,0.0,,,,
2025-07-24T03:00:00Z,0.0,0.0,,,,
2025-07-24T04:00:00Z,0.0,0.0,,,,
2025-07-24T05:00:00Z,0.0,0.0,,,,
2025-07-24T06:00:00Z,0.0,0.0,,,,
2025-07-24T07:00:00Z,0.0,0.0,,,,
2025-07-24T08:00:00Z,0.0,0.0,,,,
2025-07-24T09:00:00Z,0.0,0.0,,,,
2025-07-24T10:00:00Z,0.0,0.0,,,,
2025-07-24T11:00:00Z,0.0,0.0,,,,
2025-07-24T12:00:00Z,0.0,0.0,,,,
2025-07-24T13:00:00Z,0.0,0.0,,,,
2025-07-24T14:00:00Z,0.0,0.0,,,,
2025-07-24T15:00:00Z,0.0,0.0,,,,
2025-07-24T16:00:00Z,0.0,0.0,,,,
2025-07-24T17:00:00Z,0.0,0.0,,,,
2025-07-24T18:00:00Z,0.0,0.0,,,,
2025-07-24T19:00:00Z,0.0,0.0,,,,
2025-07-24T20:00:00Z,0.0,0.0,,,,
2025-07-24T21:00:00Z,0.0,0.0,,,,
2025-07-24T22:00:00Z,0.0,0.0,,,,
2025-07-24T23:00:00Z,0.0,0.0,,,,
2025-07-25T00:00:00Z,0.0,0.0,,,,
2025-07-25T01:00:00Z,0.0,0.0,,,,
2025-07-25T02:00:00Z,0.0,0.0,,,,
2025-07-25T03:00:00Z,0.0,0.0,,,,
2025-07-25T04:00:00Z,0.0,0.0,,,,
2025-07-25T05:00:00Z,0.0,0.0,,,,
2025-07-25T06:00:00Z,0.0,0.0,,,,
2025-07-25T07:00:00Z,0.0,0.0,,,,
2025-07-25T08:00:00Z,0.0,0.0,,,,
2025-07-25T09:00:00Z,0.0,0.0,,,,
2025-07-25T10:00:00Z,0.0,0.0,,,,
2025-07-25T11:00:00Z,0.0,0.0,,,,
2025-07-25T12:00:00Z,0.0,0.0,,,,
2025-07-25T13:00:00Z,0.0,0.0,,,,
2025-07-25T14:00:00Z,0.0,0.0,,,,
2025-07-25T15:00:00Z,0.0,0.0,,,,
2025-07-25T16:00:00Z,0.0,0.0,,,,
2025-07-25T17:00:00Z,0.0,0.0,,,,
2025-07-25T18:00:00Z,0.0,0.0,,,,
2025-07-25T19:00:00Z,0.0,0.0,,,,
2025-07-25T20:00:00Z,0.0,0.0,,,,
2025-07-25T21:00:00Z,0.0,0.0,,,,
2025-07-25T22:00:00Z,0.0,0.0,,,,
2025-07-25T23:00:00Z,0.0,0.0,,,,
2025-07-26T00:00:00Z,0.0,0.0,,,,
2025-07-26T01:00:00Z,0.0,0.0,,,,
2025-07-26T02:00:00Z,0.0,0.0,,,,
2025-07-26T03:00:00Z,0.0,0.0,,,,
2025-07-26T04:00:00Z,0.0,0.0,,,,
2025-07-26T05:00:00Z,0.0,0.0,,,,
2025-07-26T06:00:00Z,0.0,0.0,,,,
2025-07-26T07:00:00Z,0.0,0.0,,,,
2025-07-26T08:00:00Z,0.0,0.0,,,,
2025-07-26T09:00:00Z,0.0,0.0,,,,
2025-07-26T10:00:00Z,0.0,0.0,,,,
2025-07-26T11:00:00Z,13969009.862336,0.0,0.981866,0.998891,,
2025-07-26T12:00:00Z,0.0,0.0,,,,
2025-07-26T13:00:00Z,0.0,0.0,,,,
2025-07-26T14:00:00Z,0.0,0.0,,,,
2025-07-26T15:00:00Z,0.0,0.0,,,,
2025-07-26T16:00:00Z,0.0,0.0,,,,
2025-07-26T17:00:00Z,0.0,0.0,,,,
2025-07-26T18:00:00Z,0.0,0.0,,,,
2025-07-26T19:00:00Z,0.0,0.0,,,,
2025-07-26T20:00:00Z,0.0,0.0,,,,
2025-07-26T21:00:00Z,0.0,0.0,,,,
2025-07-26T22:00:00Z,0.0,0.0,,,,
2025-07-26T23:00:00Z,0.0,0.0,,,,
2025-07-27T00:00:00Z,0.0,0.0,,,,
2025-07-27T01:00:00Z,0.0,0.0,,,,
2025-07-27T02:00:00Z,0.0,0.0,,,,
2025-07-27T03:00:00Z,0.0,0.0,,,,
2025-07-27T04:00:00Z,0.0,0.0,,,,
2025-07-27T05:00:00Z,0.0,0.0,,,,
2025-07-27T06:00:00Z,0.0,0.0,,,,
2025-07-27T07:00:00Z,0.0,0.0,,,,
2025-07-27T08:00:00Z,0.0,0.0,,,,
2025-07-27T09:00:00Z,0.0,0.0,,,,
2025-07-27T10:00:00Z,0.0,0.0,,,,
2025-07-27T11:00:00Z,0.0,0.0,,,,
2025-07-27T12:00:00Z,0.0,0.0,,,,
2025-07-27T13:00:00Z,0.0,0.0,,,,
2025-07-27T14:00:00Z,0.0,0.0,,,,
2025-07-27T15:00:00Z,0.0,0.0,,,,
2025-07-27T16:00:00Z,0.0,0.0,,,,
2025-07-27T17:00:00Z,0.0,0.0,,,,
2025-07-27T18:00:00Z,0.0,0.0,,,,
2025-07-27T19:00:00Z,0.0,0.0,,,,
2025-07-27T20:00:00Z,326375.173216,0.0,0.99459,0.99459,,
2025-07-27T21:00:00Z,0.0,0.0,,,,
2025-07-27T22:00:00Z,0.0,0.0,,,,
2025-07-27T23:00:00Z,0.0,0.0,,,,
2025-07-28T00:00:00Z,0.0,0.0,,,,
2025-07-28T01:00:00Z,0.0,0.0,,,,
2025-07-28T02:00:00Z,0.0,0.0,,,,
2025-07-28T03:00:00Z,0.0,0.0,,,,
2025-07-28T04:00:00Z,0.0,0.0,,,,
2025-07-28T05:00:00Z,0.0,0.0,,,,
2025-07-28T06:00:00Z,0.0,0.0,,,,
2025-07-28T07:00:00Z,0.0,0.0,,,,
2025-07-28T08:00:00Z,0.0,0.0,,,,
2025-07-28T09:00:00Z,0.0,0.0,,,,
2025-07-28T10:00:00Z,0.0,0.0,,,,
2025-07-28T11:00:00Z,0.0,0.0,,,,
2025-07-28T12:00:00Z,0.0,0.0,,,,
2025-07-28T13:00:00Z,0.0,0.0,,,,
2025-07-28T14:00:00Z,0.0,0.0,,,,
2025-07-28T15:00:00Z,0.0,0.0,,,,
2025-07-28T16:00:00Z,0.0,0.0,,,,
2025-07-28T17:00:00Z,0.0,0.0,,,,
2025-07-28T18:00:00Z,0.0,0.0,,,,
2025-07-28T19:00:00Z,0.0,0.0,,,,
2025-07-28T20:00:00Z,0.0,0.0,,,,
2025-07-28T21:00:00Z,0.0,0.0,,,,
2025-07-28T22:00:00Z,0.0,0.0,,,,
2025-07-28T23:00:00Z,0.0,0.0,,,,
2025-07-29T00:00:00Z,0.0,0.0,,,,
2025-07-29T01:00:00Z,0.0,0.0,,,,
2025-07-29T02:00:00Z,0.0,0.0,,,,
2025-07-29T03:00:00Z,0.0,0.0,,,,
2025-07-29T04:00:00Z,0.0,0.0,,,,
2025-07-29T05:00:00Z,0.0,0.0,,,,
2025-07-29T06:00:00Z,0.0,0.0,,,,
2025-07-29T07:00:00Z,0.0,0.0,,,,
2025-07-29T08:00:00Z,0.0,0.0,,,,
2025-07-29T09:00:00Z,0.0,0.0,,,,
2025-07-29T10:00:00Z,0.0,0.0,,,,
2025-07-29T11:00:00Z,0.0,0.0,,,,
2025-07-29T12:00:00Z,0.0,0.0,,,,
2025-07-29T13:00:00Z,0.0,0.0,,,,
2025-07-29T14:00:00Z,0.0,0.0,,,,
2025-07-29T15:00:00Z,0.0,0.0,,,,
2025-07-29T16:00:00Z,0.0,0.0,,,,
2025-07-29T17:00:00Z,0.0,0.0,,,,
2025-07-29T18:00:00Z,0.0,0.0,,,,
2025-07-29T19:00:00Z,0.0,0.0,,,,
2025-07-29T20:00:00Z,0.0,0.0,,,,
2025-07-29T21:00:00Z,0.0,0.0,,,,
2025-07-29T22:00:00Z,0.0,0.0,,,,
2025-07-29T23:00:00Z,0.0,0.0,,,,
2025-07-30T00:00:00Z,0.0,0.0,,,,
2025-07-30T01:00:00Z,0.0,0.0,,,,
2025-07-30T02:00:00Z,0.0,0.0,,,,
2025-07-30T03:00:00Z,0.0,0.0,,,,
2025-07-30T04:00:00Z,0.0,0.0,,,,
2025-07-30T05:00:00Z,0.0,0.0,,,,
2025-07-30T06:00:00Z,0.0,0.0,,,,
2025-07-30T07:00:00Z,0.0,0.0,,,,
2025-07-30T08:00:00Z,0.0,0.0,,,,
2025-07-30T09:00:00Z,0.0,0.0,,,,
2025-07-30T10:00:00Z,0.0,0.0,,,,
2025-07-30T11:00:00Z,0.0,0.0,,,,
2025-07-30T12:00:00Z,0.0,0.0,,,,
2025-07-30T13:00:00Z,0.0,0.0,,,,
2025-07-30T14:00:00Z,0.0,0.0,,,,
2025-07-30T15:00:00Z,0.0,0.0,,,,
2025-07-30T16:00:00Z,0.0,0.0,,,,
2025-07-30T17:00:00Z,0.0,0.0,,,,
2025-07-30T18:00:00Z,0.0,0.0,,,,
2025-07-30T19:00:00Z,0.0,0.0,,,,
2025-07-30T20:00:00Z,0.0,0.0,,,,
2025-07-30T21:00:00Z,0.0,0.0,,,,
2025-07-30T22:00:00Z,0.0,0.0,,,,
2025-07-30T23:00:00Z,0.0,0.0,,,,
2025-07-31T00:00:00Z,0.0,0.0,,,,
2025-07-31T01:00:00Z,0.0,0.0,,,,
2025-07-31T02:00:00Z,0.0,0.0,,,,
2025-07-31T03:00:00Z,0.0,0.0,,,,
2025-07-31T04:00:00Z,0.0,0.0,,,,
2025-07-31T05:00:00Z,0.0,0.0,,,,
2025-07-31T06:00:00Z,0.0,0.0,,,,
2025-07-31T07:00:00Z,0.0,0.0,,,,
2025-07-31T08:00:00Z,0.0,0.0,,,,
2025-07-31T09:00:00Z,0.0,0.0,,,,
2025-07-31T10:00:00Z,0.0,0.0,,,,
2025-07-31T11:00:00Z,0.0,0.0,,,,
2025-07-31T12:00:00Z,0.0,0.0,,,,
2025-07-31T13:00:00Z,0.0,0.0,,,,
2025-07-31T14:00:00Z,0.0,0.0,,,,
2025-07-31T15:00:00Z,0.0,0.0,,,,
2025-07-31T16:00:00Z,0.0,0.0,,,,
2025-07-31T17:00:00Z,0.0,0.0,,,,
2025-07-31T18:00:00Z,0.0,0.0,,,,
2025-07-31T19:00:00Z,0.0,0.0,,,,
2025-07-31T20:00:00Z,0.0,0.0,,,,
2025-07-31T21:00:00Z,0.0,0.0,,,,
2025-07-31T22:00:00Z,0.0,0.0,,,,
2025-07-31T23:00:00Z,0.0,0.0,,,,
2025-08-01T00:00:00Z,0.0,0.0,,,,
2025-08-01T01:00:00Z,0.0,0.0,,,,
2025-08-01T02:00:00Z,0.0,0.0,,,,
2025-08-01T03:00:00Z,0.0,0.0,,,,
2025-08-01T04:00:00Z,0.0,0.0,,,,
2025-08-01T05:00:00Z,0.0,0.0,,,,
2025-08-01T06:00:00Z,0.0,0.0,,,,
2025-08-01T07:00:00Z,0.0,0.0,,,,
2025-08-01T08:00:00Z,0.0,0.0,,,,
2025-08-01T09:00:00Z,0.0,0.0,,,,
2025-08-01T10:00:00Z,0.0,0.0,,,,
2025-08-01T11:00:00Z,0.0,0.0,,,,
2025-08-01T12:00:00Z,0.0,0.0,,,,
2025-08-01T13:00:00Z,0.0,0.0,,,,
2025-08-01T14:00:00Z,0.0,0.0,,,,
2025-08-01T15:00:00Z,0.0,0.0,,,,
2025-08-01T16:00:00Z,0.0,0.0,,,,
2025-08-01T17:00:00Z,0.0,0.0,,,,
2025-08-01T18:00:00Z,0.0,0.0,,,,
2025-08-01T19:00:00Z,0.0,0.0,,,,
2025-08-01T20:00:00Z,0.0,0.0,,,,
2025-08-01T21:00:00Z,0.0,0.0,,,,
2025-08-01T22:00:00Z,0.0,0.0,,,,
2025-08-01T23:00:00Z,0.0,0.0,,,,
2025-08-02T00:00:00Z,0.0,0.0,,,,
2025-08-02T01:00:00Z,0.0,0.0,,,,
2025-08-02T02:00:00Z,0.0,0.0,,,,
2025-08-02T03:00:00Z,0.0,0.0,,,,
2025-08-02T04:00:00Z,0.0,0.0,,,,
2025-08-02T05:00:00Z,0.0,0.0,,,,
2025-08-02T06:00:00Z,0.0,0.0,,,,
2025-08-02T07:00:00Z,0.0,0.0,,,,
2025-08-02T08:00:00Z,0.0,0.0,,,,
2025-08-02T09:00:00Z,0.0,0.0,,,,
2025-08-02T10:00:00Z,0.0,0.0,,,,
2025-08-02T11:00:00Z,0.0,0.0,,,,
2025-08-02T12:00:00Z,0.0,0.0,,,,
2025-08-02T13:00:00Z,0.0,0.0,,,,
2025-08-02T14:00:00Z,0.0,0.0,,,,
2025-08-02T15:00:00Z,0.0,0.0,,,,
2025-08-02T16:00:00Z,0.0,0.0,,,,
2025-08-02T17:00:00Z,0.0,0.0,,,,
2025-08-02T18:00:00Z,213275.222819,0.0,0.99027,0.99027,,
2025-08-02T19:00:00Z,0.0,0.0,,,,
2025-08-02T20:00:00Z,0.0,0.0,,,,
2025-08-02T21:00:00Z,0.0,0.0,,,,
2025-08-02T22:00:00Z,0.0,0.0,,,,
2025-08-02T23:00:00Z,0.0,0.0,,,,
2025-08-03T00:00:00Z,0.0,0.0,,,,
2025-08-03T01:00:00Z,0.0,0.0,,,,
2025-08-03T02:00:00Z,0.0,0.0,,,,
2025-08-03T03:00:00Z,0.0,0.0,,,,
2025-08-03T04:00:00Z,0.0,0.0,,,,
2025-08-03T05:00:00Z,0.0,0.0,,,,
2025-08-03T06:00:00Z,0.0,0.0,,,,
2025-08-03T07:00:00Z,0.0,0.0,,,,
2025-08-03T08:00:00Z,0.0,0.0,,,,
2025-08-03T09:00:00Z,0.0,0.0,,,,
2025-08-03T10:00:00Z,0.0,0.0,,,,
2025-08-03T11:00:00Z,0.0,0.0,,,,
2025-08-03T12:00:00Z,0.0,0.0,,,,
2025-08-03T13:00:00Z,0.0,0.0,,,,
2025-08-03T14:00:00Z,0.0,0.0,,,,
2025-08-03T15:00:00Z,0.0,0.0,,,,
2025-08-03T16:00:00Z,0.0,0.0,,,,
2025-08-03T17:00:00Z,0.0,0.0,,,,
2025-08-03T18:00:00Z,0.0,0.0,,,,
2025-08-03T19:00:00Z,0.0,0.0,,,,
2025-08-03T20:00:00Z,0.0,0.0,,,,
2025-08-03T21:00:00Z,0.0,0.0,,,,
2025-08-03T22:00:00Z,0.0,0.0,,,,
2025-08-03T23:00:00Z,0.0,0.0,,,,
2025-08-04T00:00:00Z,0.0,0.0,,,,
2025-08-04T01:00:00Z,0.0,0.0,,,,
2025-08-04T02:00:00Z,0.0,0.0,,,,
2025-08-04T03:00:00Z,0.0,0.0,,,,
2025-08-04T04:00:00Z,0.0,0.0,,,,
2025-08-04T05:00:00Z,0.0,0.0,,,,
2025-08-04T06:00:00Z,0.0,0.0,,,,
2025-08-04T07:00:00Z,0.0,0.0,,,,
2025-08-04T08:00:00Z,0.0,0.0,,,,
2025-08-04T09:00:00Z,0.0,0.0,,,,
2025-08-04T10:00:00Z,0.0,0.0,,,,
2025-08-04T11:00:00Z,0.0,0.0,,,,
2025-08-04T12:00:00Z,0.0,0.0,,,,
2025-08-04T13:00:00Z,0.0,0.0,,,,
2025-08-04T14:00:00Z,0.0,0.0,,,,
2025-08-04T15:00:00Z,0.0,0.0,,,,
2025-08-04T16:00:00Z,0.0,0.0,,,,
2025-08-04T17:00:00Z,0.0,0.0,,,,
2025-08-04T18:00:00Z,0.0,0.0,,,,
2025-08-04T19:00:00Z,0.0,0.0,,,,
2025-08-04T20:00:00Z,0.0,0.0,,,,
2025-08-04T21:00:00Z,0.0,0.0,,,,
2025-08-04T22:00:00Z,0.0,0.0,,,,
2025-08-04T23:00:00Z,0.0,0.0,,,,
2025-08-05T00:00:00Z,0.0,0.0,,,,
2025-08-05T01:00:00Z,0.0,0.0,,,,
2025-08-05T02:00:00Z,0.0,0.0,,,,
2025-08-05T03:00:00Z,0.0,0.0,,,,
2025-08-05T04:00:00Z,0.0,0.0,,,,
2025-08-05T05:00:00Z,0.0,0.0,,,,
2025-08-05T06:00:00Z,0.0,0.0,,,,
2025-08-05T07:00:00Z,0.0,0.0,,,,
2025-08-05T08:00:00Z,0.0,0.0,,,,
2025-08-05T09:00:00Z,0.0,0.0,,,,
2025-08-05T10:00:00Z,0.0,0.0,,,,
2025-08-05T11:00:00Z,0.0,0.0,,,,
2025-08-05T12:00:00Z,0.0,0.0,,,,
2025-08-05T13:00:00Z,0.0,0.0,,,,
2025-08-05T14:00:00Z,0.0,0.0,,,,
2025-08-05T15:00:00Z,0.0,0.0,,,,
2025-08-05T16:00:00Z,0.0,0.0,,,,
2025-08-05T17:00:00Z,0.0,0.0,,,,
2025-08-05T18:00:00Z,0.0,0.0,,,,
2025-08-05T19:00:00Z,0.0,0.0,,,,
2025-08-05T20:00:00Z,0.0,0.0,,,,
2025-08-05T21:00:00Z,0.0,0.0,,,,
2025-08-05T22:00:00Z,0.0,0.0,,,,
2025-08-05T23:00:00Z,0.0,0.0,,,,
2025-08-06T00:00:00Z,0.0,0.0,,,,
2025-08-06T01:00:00Z,0.0,0.0,,,,
2025-08-06T02:00:00Z,0.0,0.0,,,,
2025-08-06T03:00:00Z,0.0,0.0,,,,
2025-08-06T04:00:00Z,3000000.0,0.0,0.998054,0.998054,,
2025-08-06T05:00:00Z,0.0,0.0,,,,
2025-08-06T06:00:00Z,0.0,0.0,,,,
2025-08-06T07:00:00Z,0.0,0.0,,,,
2025-08-06T08:00:00Z,0.0,0.0,,,,
2025-08-06T09:00:00Z,0.0,0.0,,,,
2025-08-06T10:00:00Z,0.0,0.0,,,,
2025-08-06T11:00:00Z,0.0,0.0,,,,
2025-08-06T12:00:00Z,0.0,0.0,,,,
2025-08-06T13:00:00Z,0.0,0.0,,,,
2025-08-06T14:00:00Z,0.0,0.0,,,,
2025-08-06T15:00:00Z,0.0,0.0,,,,
2025-08-06T16:00:00Z,0.0,0.0,,,,
2025-08-06T17:00:00Z,0.0,0.0,,,,
2025-08-06T18:00:00Z,0.0,0.0,,,,
2025-08-06T19:00:00Z,0.0,0.0,,,,
2025-08-06T20:00:00Z,0.0,0.0,,,,
2025-08-06T21:00:00Z,0.0,0.0,,,,
2025-08-06T22:00:00Z,0.0,0.0,,,,
2025-08-06T23:00:00Z,0.0,0.0,,,,
2025-08-07T00:00:00Z,0.0,0.0,,,,
2025-08-07T01:00:00Z,0.0,0.0,,,,
2025-08-07T02:00:00Z,0.0,0.0,,,,
2025-08-07T03:00:00Z,0.0,0.0,,,,
2025-08-07T04:00:00Z,0.0,0.0,,,,
2025-08-07T05:00:00Z,0.0,0.0,,,,
2025-08-07T06:00:00Z,0.0,0.0,,,,
2025-08-07T07:00:00Z,0.0,0.0,,,,
2025-08-07T08:00:00Z,0.0,0.0,,,,
2025-08-07T09:00:00Z,0.0,0.0,,,,
2025-08-07T10:00:00Z,0.0,0.0,,,,
2025-08-07T11:00:00Z,0.0,0.0,,,,
2025-08-07T12:00:00Z,0.0,0.0,,,,
2025-08-07T13:00:00Z,0.0,0.0,,,,
2025-08-07T14:00:00Z,0.0,0.0,,,,
2025-08-07T15:00:00Z,0.0,0.0,,,,
2025-08-07T16:00:00Z,0.0,0.0,,,,
2025-08-07T17:00:00Z,0.0,0.0,,,,
2025-08-07T18:00:00Z,0.0,0.0,,,,
2025-08-07T19:00:00Z,0.0,0.0,,,,
2025-08-07T20:00:00Z,0.0,0.0,,,,
2025-08-07T21:00:00Z,0.0,0.0,,,,
2025-08-07T22:00:00Z,0.0,0.0,,,,
2025-08-07T23:00:00Z,0.0,0.0,,,,
2025-08-08T00:00:00Z,0.0,0.0,,,,
2025-08-08T01:00:00Z,0.0,0.0,,,,
2025-08-08T02:00:00Z,0.0,0.0,,,,
2025-08-08T03:00:00Z,0.0,0.0,,,,
2025-08-08T04:00:00Z,0.0,0.0,,,,
2025-08-08T05:00:00Z,0.0,0.0,,,,
2025-08-08T06:00:00Z,0.0,0.0,,,,
2025-08-08T07:00:00Z,0.0,0.0,,,,
2025-08-08T08:00:00Z,0.0,0.0,,,,
2025-08-08T09:00:00Z,0.0,0.0,,,,
2025-08-08T10:00:00Z,0.0,0.0,,,,
2025-08-08T11:00:00Z,0.0,0.0,,,,
2025-08-08T12:00:00Z,0.0,0.0,,,,
2025-08-08T13:00:00Z,0.0,0.0,,,,
2025-08-08T14:00:00Z,537563.0,0.0,0.994565,0.994565,,
2025-08-08T15:00:00Z,0.0,0.0,,,,
2025-08-08T16:00:00Z,0.0,0.0,,,,
2025-08-08T17:00:00Z,0.0,0.0,,,,
2025-08-08T18:00:00Z,0.0,0.0,,,,
2025-08-08T19:00:00Z,0.0,0.0,,,,
2025-08-08T20:00:00Z,0.0,0.0,,,,
2025-08-08T21:00:00Z,0.0,0.0,,,,
2025-08-08T22:00:00Z,0.0,0.0,,,,
2025-08-08T23:00:00Z,0.0,0.0,,,,
2025-08-09T00:00:00Z,0.0,0.0,,,,
2025-08-09T01:00:00Z,0.0,0.0,,,,
2025-08-09T02:00:00Z,0.0,0.0,,,,
2025-08-09T03:00:00Z,0.0,0.0,,,,
2025-08-09T04:00:00Z,0.0,0.0,,,,
2025-08-09T05:00:00Z,0.0,0.0,,,,
2025-08-09T06:00:00Z,0.0,0.0,,,,
2025-08-09T07:00:00Z,0.0,0.0,,,,
2025-08-09T08:00:00Z,0.0,0.0,,,,
2025-08-09T09:00:00Z,0.0,0.0,,,,
2025-08-09T10:00:00Z,0.0,0.0,,,,
2025-08-09T11:00:00Z,0.0,0.0,,,,
2025-08-09T12:00:00Z,0.0,0.0,,,,
2025-08-09T13:00:00Z,0.0,0.0,,,,
2025-08-09T14:00:00Z,0.0,0.0,,,,
2025-08-09T15:00:00Z,0.0,0.0,,,,
2025-08-09T16:00:00Z,0.0,0.0,,,,
2025-08-09T17:00:00Z,0.0,0.0,,,,
2025-08-09T18:00:00Z,0.0,0.0,,,,
2025-08-09T19:00:00Z,0.0,0.0,,,,
2025-08-09T20:00:00Z,0.0,0.0,,,,
2025-08-09T21:00:00Z,0.0,0.0,,,,
2025-08-09T22:00:00Z,0.0,0.0,,,,
2025-08-09T23:00:00Z,0.0,0.0,,,,
2025-08-10T00:00:00Z,0.0,0.0,,,,
2025-08-10T01:00:00Z,0.0,0.0,,,,
2025-08-10T02:00:00Z,0.0,0.0,,,,
2025-08-10T03:00:00Z,0.0,0.0,,,,
2025-08-10T04:00:00Z,0.0,0.0,,,,
2025-08-10T05:00:00Z,0.0,0.0,,,,
2025-08-10T06:00:00Z,0.0,0.0,,,,
2025-08-10T07:00:00Z,0.0,0.0,,,,
2025-08-10T08:00:00Z,0.0,0.0,,,,
2025-08-10T09:00:00Z,0.0,0.0,,,,
2025-08-10T10:00:00Z,0.0,0.0,,,,
2025-08-10T11:00:00Z,0.0,0.0,,,,
2025-08-10T12:00:00Z,0.0,0.0,,,,
2025-08-10T13:00:00Z,0.0,0.0,,,,
2025-08-10T14:00:00Z,0.0,0.0,,,,
2025-08-10T15:00:00Z,0.0,0.0,,,,
2025-08-10T16:00:00Z,0.0,0.0,,,,
2025-08-10T17:00:00Z,0.0,0.0,,,,
2025-08-10T18:00:00Z,0.0,0.0,,,,
2025-08-10T19:00:00Z,0.0,0.0,,,,
2025-08-10T20:00:00Z,0.0,0.0,,,,
2025-08-10T21:00:00Z,0.0,0.0,,,,
2025-08-10T22:00:00Z,0.0,0.0,,,,
2025-08-10T23:00:00Z,0.0,0.0,,,,
2025-08-11T00:00:00Z,0.0,0.0,,,,
2025-08-11T01:00:00Z,0.0,0.0,,,,
2025-08-11T02:00:00Z,0.0,0.0,,,,
2025-08-11T03:00:00Z,0.0,0.0,,,,
2025-08-11T04:00:00Z,0.0,0.0,,,,
2025-08-11T05:00:00Z,0.0,0.0,,,,
2025-08-11T06:00:00Z,0.0,0.0,,,,
2025-08-11T07:00:00Z,0.0,0.0,,,,
2025-08-11T08:00:00Z,0.0,0.0,,,,
2025-08-11T09:00:00Z,0.0,0.0,,,,
2025-08-11T10:00:00Z,0.0,0.0,,,,
2025-08-11T11:00:00Z,0.0,0.0,,,,
2025-08-11T12:00:00Z,0.0,0.0,,,,
2025-08-11T13:00:00Z,0.0,0.0,,,,
2025-08-11T14:00:00Z,0.0,0.0,,,,
2025-08-11T15:00:00Z,0.0,0.0,,,,
2025-08-11T16:00:00Z,0.0,0.0,,,,
2025-08-11T17:00:00Z,0.0,0.0,,,,
2025-08-11T18:00:00Z,0.0,0.0,,,,
2025-08-11T19:00:00Z,0.0,0.0,,,,
2025-08-11T20:00:00Z,0.0,0.0,,,,
2025-08-11T21:00:00Z,0.0,0.0,,,,
2025-08-11T22:00:00Z,0.0,0.0,,,,
2025-08-11T23:00:00Z,0.0,0.0,,,,
2025-08-12T00:00:00Z,0.0,0.0,,,,
2025-08-12T01:00:00Z,0.0,0.0,,,,
2025-08-12T02:00:00Z,0.0,0.0,,,,
2025-08-12T03:00:00Z,0.0,0.0,,,,
2025-08-12T04:00:00Z,0.0,0.0,,,,
2025-08-12T05:00:00Z,0.0,0.0,,,,
2025-08-12T06:00:00Z,0.0,0.0,,,,
2025-08-12T07:00:00Z,0.0,0.0,,,,
2025-08-12T08:00:00Z,0.0,0.0,,,,
2025-08-12T09:00:00Z,0.0,0.0,,,,
2025-08-12T10:00:00Z,0.0,0.0,,,,
2025-08-12T11:00:00Z,0.0,0.0,,,,
2025-08-12T12:00:00Z,0.0,0.0,,,,
2025-08-12T13:00:00Z,0.0,0.0,,,,
2025-08-12T14:00:00Z,0.0,0.0,,,,
2025-08-12T15:00:00Z,0.0,0.0,,,,
2025-08-12T16:00:00Z,0.0,0.0,,,,
2025-08-12T17:00:00Z,0.0,0.0,,,,
2025-08-12T18:00:00Z,0.0,0.0,,,,
2025-08-12T19:00:00Z,0.0,0.0,,,,
2025-08-12T20:00:00Z,0.0,0.0,,,,
2025-08-12T21:00:00Z,0.0,0.0,,,,
2025-08-12T22:00:00Z,0.0,0.0,,,,
2025-08-12T23:00:00Z,0.0,0.0,,,,
2025-08-13T00:00:00Z,0.0,0.0,,,,
2025-08-13T01:00:00Z,0.0,0.0,,,,
2025-08-13T02:00:00Z,0.0,0.0,,,,
2025-08-13T03:00:00Z,0.0,0.0,,,,
2025-08-13T04:00:00Z,0.0,0.0,,,,
2025-08-13T05:00:00Z,0.0,0.0,,,,
2025-08-13T06:00:00Z,0.0,0.0,,,,
2025-08-13T07:00:00Z,0.0,0.0,,,,
2025-08-13T08:00:00Z,0.0,0.0,,,,
2025-08-13T09:00:00Z,0.0,0.0,,,,
2025-08-13T10:00:00Z,0.0,0.0,,,,
2025-08-13T11:00:00Z,0.0,0.0,,,,
2025-08-13T12:00:00Z,0.0,0.0,,,,
2025-08-13T13:00:00Z,0.0,0.0,,,,
2025-08-13T14:00:00Z,0.0,0.0,,,,
2025-08-13T15:00:00Z,0.0,0.0,,,,
2025-08-13T16:00:00Z,0.0,0.0,,,,
2025-08-13T17:00:00Z,0.0,0.0,,,,
2025-08-13T18:00:00Z,0.0,0.0,,,,
2025-08-13T19:00:00Z,0.0,0.0,,,,
2025-08-13T20:00:00Z,0.0,0.0,,,,
2025-08-13T21:00:00Z,0.0,0.0,,,,
2025-08-13T22:00:00Z,0.0,0.0,,,,
2025-08-13T23:00:00Z,0.0,0.0,,,,
2025-08-14T00:00:00Z,0.0,0.0,,,,
2025-08-14T01:00:00Z,0.0,0.0,,,,
2025-08-14T02:00:00Z,0.0,0.0,,,,
2025-08-14T03:00:00Z,0.0,0.0,,,,
2025-08-14T04:00:00Z,5544336.579077,0.0,0.993416,0.998971,,
2025-08-14T05:00:00Z,7660810.551459,0.0,0.989751,0.998829,,
2025-08-14T06:00:00Z,0.0,0.0,,,,
2025-08-14T07:00:00Z,0.0,0.0,,,,
2025-08-14T08:00:00Z,0.0,0.0,,,,
2025-08-14T09:00:00Z,0.0,0.0,,,,
2025-08-14T10:00:00Z,0.0,0.0,,,,
2025-08-14T11:00:00Z,0.0,0.0,,,,
2025-08-14T12:00:00Z,0.0,0.0,,,,
2025-08-14T13:00:00Z,0.0,0.0,,,,
2025-08-14T14:00:00Z,0.0,0.0,,,,
2025-08-14T15:00:00Z,0.0,0.0,,,,
2025-08-14T16:00:00Z,0.0,0.0,,,,
2025-08-14T17:00:00Z,0.0,0.0,,,,
2025-08-14T18:00:00Z,0.0,0.0,,,,
2025-08-14T19:00:00Z,0.0,0.0,,,,
2025-08-14T20:00:00Z,0.0,0.0,,,,
2025-08-14T21:00:00Z,0.0,0.0,,,,
2025-08-14T22:00:00Z,0.0,0.0,,,,
2025-08-14T23:00:00Z,0.0,0.0,,,,
2025-08-15T00:00:00Z,0.0,0.0,,,,
2025-08-15T01:00:00Z,0.0,0.0,,,,
2025-08-15T02:00:00Z,9987207.129888,0.0,0.982935,0.999,,
2025-08-15T03:00:00Z,3992306.775484,0.0,0.974571,0.998996,,
2025-08-15T04:00:00Z,179629.562025,0.0,0.998931,0.998987,,
2025-08-15T05:00:00Z,81866.155344,0.0,0.998969,0.998986,,
2025-08-15T06:00:00Z,1713951.915062,0.0,0.99884,0.998987,,
2025-08-15T07:00:00Z,116903.592286,0.0,0.998953,0.998985,,
2025-08-15T08:00:00Z,0.0,0.0,,,,
2025-08-15T09:00:00Z,0.0,0.0,,,,
2025-08-15T10:00:00Z,0.0,0.0,,,,
2025-08-15T11:00:00Z,0.0,0.0,,,,
2025-08-15T12:00:00Z,0.0,0.0,,,,
2025-08-15T13:00:00Z,0.0,0.0,,,,
2025-08-15T14:00:00Z,0.0,0.0,,,,
2025-08-15T15:00:00Z,0.0,0.0,,,,
2025-08-15T16:00:00Z,0.0,0.0,,,,
2025-08-15T17:00:00Z,0.0,0.0,,,,
2025-08-15T18:00:00Z,0.0,0.0,,,,
2025-08-15T19:00:00Z,0.0,0.0,,,,
2025-08-15T20:00:00Z,10149906.008072,0.0,0.989457,0.998853,,
2025-08-15T21:00:00Z,0.0,0.0,,,,
2025-08-15T22:00:00Z,7128678.510745,0.0,0.99425,0.998867,,
2025-08-15T23:00:00Z,0.0,0.0,,,,
2025-08-16T00:00:00Z,0.0,0.0,,,,
2025-08-16T01:00:00Z,0.0,0.0,,,,
2025-08-16T02:00:00Z,0.0,0.0,,,,
2025-08-16T03:00:00Z,0.0,0.0,,,,
2025-08-16T04:00:00Z,0.0,0.0,,,,
2025-08-16T05:00:00Z,1678.099641,0.0,0.998987,0.998999,,
2025-08-16T06:00:00Z,0.0,0.0,,,,
2025-08-16T07:00:00Z,0.0,0.0,,,,
2025-08-16T08:00:00Z,5872285.489193,0.0,0.994089,0.998973,,
2025-08-16T09:00:00Z,0.0,0.0,,,,
2025-08-16T10:00:00Z,0.0,0.0,,,,
2025-08-16T11:00:00Z,0.0,0.0,,,,
2025-08-16T12:00:00Z,7017949.672963,0.0,0.976872,0.997771,,
2025-08-16T13:00:00Z,0.0,0.0,,,,
2025-08-16T14:00:00Z,0.0,0.0,,,,
2025-08-16T15:00:00Z,0.0,0.0,,,,
2025-08-16T16:00:00Z,0.0,0.0,,,,
2025-08-16T17:00:00Z,0.0,0.0,,,,
2025-08-16T18:00:00Z,0.0,0.0,,,,
2025-08-16T19:00:00Z,0.0,0.0,,,,
2025-08-16T20:00:00Z,0.0,0.0,,,,
2025-08-16T21:00:00Z,0.0,0.0,,,,
2025-08-16T22:00:00Z,0.0,0.0,,,,
2025-08-16T23:00:00Z,0.0,0.0,,,,
2025-08-17T00:00:00Z,0.0,0.0,,,,
2025-08-17T01:00:00Z,0.0,0.0,,,,
2025-08-17T02:00:00Z,0.0,0.0,,,,
2025-08-17T03:00:00Z,0.0,0.0,,,,
2025-08-17T04:00:00Z,0.0,0.0,,,,
2025-08-17T05:00:00Z,0.0,0.0,,,,
2025-08-17T06:00:00Z,0.0,0.0,,,,
2025-08-17T07:00:00Z,0.0,0.0,,,,
2025-08-17T08:00:00Z,0.0,0.0,,,,
2025-08-17T09:00:00Z,0.0,0.0,,,,
2025-08-17T10:00:00Z,0.0,0.0,,,,
2025-08-17T11:00:00Z,0.0,0.0,,,,
2025-08-17T12:00:00Z,0.0,0.0,,,,
2025-08-17T13:00:00Z,0.0,0.0,,,,
2025-08-17T14:00:00Z,0.0,0.0,,,,
2025-08-17T15:00:00Z,0.0,0.0,,,,
2025-08-17T16:00:00Z,0.0,0.0,,,,
2025-08-17T17:00:00Z,0.0,0.0,,,,
2025-08-17T18:00:00Z,0.0,0.0,,,,
2025-08-17T19:00:00Z,0.0,0.0,,,,
2025-08-17T20:00:00Z,0.0,0.0,,,,
2025-08-17T21:00:00Z,0.0,0.0,,,,
2025-08-17T22:00:00Z,0.0,0.0,,,,
2025-08-17T23:00:00Z,0.0,0.0,,,,
2025-08-18T00:00:00Z,0.0,0.0,,,,
2025-08-18T01:00:00Z,0.0,0.0,,,,
2025-08-18T02:00:00Z,0.0,0.0,,,,
2025-08-18T03:00:00Z,0.0,0.0,,,,
2025-08-18T04:00:00Z,0.0,0.0,,,,
2025-08-18T05:00:00Z,0.0,0.0,,,,
2025-08-18T06:00:00Z,0.0,0.0,,,,
2025-08-18T07:00:00Z,0.0,0.0,,,,
2025-08-18T08:00:00Z,0.0,0.0,,,,
2025-08-18T09:00:00Z,0.0,0.0,,,,
2025-08-18T10:00:00Z,0.0,0.0,,,,
2025-08-18T11:00:00Z,0.0,0.0,,,,
2025-08-18T12:00:00Z,0.0,0.0,,,,
2025-08-18T13:00:00Z,0.0,0.0,,,,
2025-08-18T14:00:00Z,0.0,0.0,,,,
2025-08-18T15:00:00Z,600000.0,0.0,0.997456,0.997456,,
2025-08-18T16:00:00Z,0.0,0.0,,,,
2025-08-18T17:00:00Z,0.0,0.0,,,,
2025-08-18T18:00:00Z,0.0,0.0,,,,
2025-08-18T19:00:00Z,0.0,0.0,,,,
2025-08-18T20:00:00Z,0.0,0.0,,,,
2025-08-18T21:00:00Z,0.0,0.0,,,,
2025-08-18T22:00:00Z,0.0,0.0,,,,
2025-08-18T23:00:00Z,0.0,0.0,,,,
2025-08-19T00:00:00Z,0.0,0.0,,,,
2025-08-19T01:00:00Z,0.0,0.0,,,,
2025-08-19T02:00:00Z,0.0,0.0,,,,
2025-08-19T03:00:00Z,0.0,0.0,,,,
2025-08-19T04:00:00Z,0.0,0.0,,,,
2025-08-19T05:00:00Z,0.0,0.0,,,,
2025-08-19T06:00:00Z,0.0,0.0,,,,
2025-08-19T07:00:00Z,0.0,0.0,,,,
2025-08-19T08:00:00Z,0.0,0.0,,,,
2025-08-19T09:00:00Z,0.0,0.0,,,,
2025-08-19T10:00:00Z,0.0,0.0,,,,
2025-08-19T11:00:00Z,0.0,0.0,,,,
2025-08-19T12:00:00Z,0.0,0.0,,,,
2025-08-19T13:00:00Z,0.0,0.0,,,,
2025-08-19T14:00:00Z,0.0,0.0,,,,
2025-08-19T15:00:00Z,0.0,0.0,,,,
2025-08-19T16:00:00Z,0.0,0.0,,,,
2025-08-19T17:00:00Z,0.0,0.0,,,,
2025-08-19T18:00:00Z,0.0,0.0,,,,
2025-08-19T19:00:00Z,0.0,0.0,,,,
2025-08-19T20:00:00Z,0.0,0.0,,,,
2025-08-19T21:00:00Z,0.0,0.0,,,,
2025-08-19T22:00:00Z,0.0,0.0,,,,
2025-08-19T23:00:00Z,0.0,0.0,,,,
2025-08-20T00:00:00Z,0.0,0.0,,,,
2025-08-20T01:00:00Z,0.0,0.0,,,,
2025-08-20T02:00:00Z,0.0,0.0,,,,
2025-08-20T03:00:00Z,0.0,0.0,,,,
2025-08-20T04:00:00Z,0.0,0.0,,,,
2025-08-20T05:00:00Z,0.0,0.0,,,,
2025-08-20T06:00:00Z,0.0,0.0,,,,
2025-08-20T07:00:00Z,0.0,0.0,,,,
2025-08-20T08:00:00Z,0.0,0.0,,,,
2025-08-20T09:00:00Z,0.0,0.0,,,,
2025-08-20T10:00:00Z,0.0,0.0,,,,
2025-08-20T11:00:00Z,0.0,0.0,,,,
2025-08-20T12:00:00Z,0.0,0.0,,,,
2025-08-20T13:00:00Z,0.0,0.0,,,,
2025-08-20T14:00:00Z,0.0,0.0,,,,
2025-08-20T15:00:00Z,0.0,0.0,,,,
2025-08-20T16:00:00Z,0.0,0.0,,,,
2025-08-20T17:00:00Z,0.0,0.0,,,,
2025-08-20T18:00:00Z,0.0,0.0,,,,
2025-08-20T19:00:00Z,0.0,0.0,,,,
2025-08-20T20:00:00Z,0.0,0.0,,,,
2025-08-20T21:00:00Z,0.0,0.0,,,,
2025-08-20T22:00:00Z,0.0,0.0,,,,
2025-08-20T23:00:00Z,0.0,0.0,,,,
2025-08-21T00:00:00Z,0.0,0.0,,,,
2025-08-21T01:00:00Z,0.0,0.0,,,,
2025-08-21T02:00:00Z,0.0,0.0,,,,
2025-08-21T03:00:00Z,0.0,0.0,,,,
2025-08-21T04:00:00Z,0.0,0.0,,,,
2025-08-21T05:00:00Z,0.0,0.0,,,,
2025-08-21T06:00:00Z,0.0,0.0,,,,
2025-08-21T07:00:00Z,0.0,0.0,,,,
2025-08-21T08:00:00Z,0.0,0.0,,,,
2025-08-21T09:00:00Z,0.0,0.0,,,,
2025-08-21T10:00:00Z,0.0,0.0,,,,
2025-08-21T11:00:00Z,0.0,0.0,,,,
2025-08-21T12:00:00Z,0.0,0.0,,,,
2025-08-21T13:00:00Z,0.0,0.0,,,,
2025-08-21T14:00:00Z,0.0,0.0,,,,
2025-08-21T15:00:00Z,0.0,0.0,,,,
2025-08-21T16:00:00Z,0.0,0.0,,,,
2025-08-21T17:00:00Z,0.0,0.0,,,,
2025-08-21T18:00:00Z,0.0,0.0,,,,
2025-08-21T19:00:00Z,0.0,0.0,,,,
2025-08-21T20:00:00Z,0.0,0.0,,,,
2025-08-21T21:00:00Z,0.0,0.0,,,,
2025-08-21T22:00:00Z,0.0,0.0,,,,
2025-08-21T23:00:00Z,0.0,0.0,,,,
2025-08-22T00:00:00Z,0.0,0.0,,,,
2025-08-22T01:00:00Z,0.0,0.0,,,,
2025-08-22T02:00:00Z,0.0,0.0,,,,
2025-08-22T03:00:00Z,0.0,0.0,,,,
2025-08-22T04:00:00Z,0.0,0.0,,,,
2025-08-22T05:00:00Z,0.0,0.0,,,,
2025-08-22T06:00:00Z,0.0,0.0,,,,
2025-08-22T07:00:00Z,0.0,0.0,,,,
2025-08-22T08:00:00Z,0.0,0.0,,,,
2025-08-22T09:00:00Z,0.0,0.0,,,,
2025-08-22T10:00:00Z,0.0,0.0,,,,
2025-08-22T11:00:00Z,0.0,0.0,,,,
2025-08-22T12:00:00Z,0.0,0.0,,,,
2025-08-22T13:00:00Z,0.0,0.0,,,,
2025-08-22T14:00:00Z,0.0,0.0,,,,
2025-08-22T15:00:00Z,0.0,0.0,,,,
2025-08-22T16:00:00Z,0.0,0.0,,,,
2025-08-22T17:00:00Z,0.0,0.0,,,,
2025-08-22T18:00:00Z,0.0,0.0,,,,
2025-08-22T19:00:00Z,0.0,0.0,,,,
2025-08-22T20:00:00Z,0.0,0.0,,,,
2025-08-22T21:00:00Z,0.0,0.0,,,,
2025-08-22T22:00:00Z,0.0,0.0,,,,
2025-08-22T23:00:00Z,0.0,0.0,,,,
2025-08-23T00:00:00Z,0.0,0.0,,,,
2025-08-23T01:00:00Z,0.0,0.0,,,,
2025-08-23T02:00:00Z,0.0,0.0,,,,
2025-08-23T03:00:00Z,0.0,0.0,,,,
2025-08-23T04:00:00Z,0.0,0.0,,,,
2025-08-23T05:00:00Z,0.0,0.0,,,,
2025-08-23T06:00:00Z,0.0,0.0,,,,
2025-08-23T07:00:00Z,0.0,0.0,,,,
2025-08-23T08:00:00Z,0.0,0.0,,,,
2025-08-23T09:00:00Z,0.0,0.0,,,,
2025-08-23T10:00:00Z,0.0,0.0,,,,
2025-08-23T11:00:00Z,0.0,0.0,,,,
2025-08-23T12:00:00Z,0.0,0.0,,,,
2025-08-23T13:00:00Z,0.0,0.0,,,,
2025-08-23T14:00:00Z,0.0,0.0,,,,
2025-08-23T15:00:00Z,0.0,0.0,,,,
2025-08-23T16:00:00Z,0.0,0.0,,,,
2025-08-23T17:00:00Z,0.0,0.0,,,,
2025-08-23T18:00:00Z,0.0,0.0,,,,
2025-08-23T19:00:00Z,0.0,0.0,,,,
2025-08-23T20:00:00Z,0.0,0.0,,,,
2025-08-23T21:00:00Z,0.0,0.0,,,,
2025-08-23T22:00:00Z,0.0,0.0,,,,
2025-08-23T23:00:00Z,0.0,0.0,,,,
2025-08-24T00:00:00Z,0.0,0.0,,,,
2025-08-24T01:00:00Z,0.0,0.0,,,,
2025-08-24T02:00:00Z,0.0,0.0,,,,
2025-08-24T03:00:00Z,0.0,0.0,,,,
2025-08-24T04:00:00Z,0.0,0.0,,,,
2025-08-24T05:00:00Z,0.0,0.0,,,,
2025-08-24T06:00:00Z,0.0,0.0,,,,
2025-08-24T07:00:00Z,0.0,0.0,,,,
2025-08-24T08:00:00Z,0.0,0.0,,,,
2025-08-24T09:00:00Z,0.0,0.0,,,,
2025-08-24T10:00:00Z,0.0,0.0,,,,
2025-08-24T11:00:00Z,0.0,0.0,,,,
2025-08-24T12:00:00Z,0.0,0.0,,,,
2025-08-24T13:00:00Z,0.0,0.0,,,,
2025-08-24T14:00:00Z,0.0,0.0,,,,
2025-08-24T15:00:00Z,0.0,0.0,,,,
2025-08-24T16:00:00Z,0.0,0.0,,,,
2025-08-24T17:00:00Z,0.0,0.0,,,,
2025-08-24T18:00:00Z,0.0,0.0,,,,
2025-08-24T19:00:00Z,0.0,0.0,,,,
2025-08-24T20:00:00Z,0.0,0.0,,,,
2025-08-24T21:00:00Z,0.0,0.0,,,,
2025-08-24T22:00:00Z,0.0,0.0,,,,
2025-08-24T23:00:00Z,0.0,0.0,,,,
2025-08-25T00:00:00Z,0.0,0.0,,,,
2025-08-25T01:00:00Z,0.0,0.0,,,,
2025-08-25T02:00:00Z,0.0,0.0,,,,
2025-08-25T03:00:00Z,0.0,0.0,,,,
2025-08-25T04:00:00Z,0.0,0.0,,,,
2025-08-25T05:00:00Z,0.0,0.0,,,,
2025-08-25T06:00:00Z,0.0,0.0,,,,
2025-08-25T07:00:00Z,0.0,0.0,,,,
2025-08-25T08:00:00Z,0.0,0.0,,,,
2025-08-25T09:00:00Z,0.0,0.0,,,,
2025-08-25T10:00:00Z,0.0,0.0,,,,
2025-08-25T11:00:00Z,0.0,0.0,,,,
2025-08-25T12:00:00Z,0.0,0.0,,,,
2025-08-25T13:00:00Z,0.0,0.0,,,,
2025-08-25T14:00:00Z,0.0,0.0,,,,
2025-08-25T15:00:00Z,0.0,0.0,,,,
2025-08-25T16:00:00Z,0.0,0.0,,,,
2025-08-25T17:00:00Z,0.0,0.0,,,,
2025-08-25T18:00:00Z,0.0,0.0,,,,
2025-08-25T19:00:00Z,0.0,0.0,,,,
2025-08-25T20:00:00Z,0.0,0.0,,,,
2025-08-25T21:00:00Z,0.0,0.0,,,,
2025-08-25T22:00:00Z,0.0,0.0,,,,
2025-08-25T23:00:00Z,0.0,0.0,,,,
2025-08-26T00:00:00Z,0.0,0.0,,,,
2025-08-26T01:00:00Z,0.0,0.0,,,,
2025-08-26T02:00:00Z,0.0,0.0,,,,
2025-08-26T03:00:00Z,0.0,0.0,,,,
2025-08-26T04:00:00Z,0.0,0.0,,,,
2025-08-26T05:00:00Z,0.0,0.0,,,,
2025-08-26T06:00:00Z,0.0,0.0,,,,
2025-08-26T07:00:00Z,0.0,0.0,,,,
2025-08-26T08:00:00Z,0.0,0.0,,,,
2025-08-26T09:00:00Z,0.0,0.0,,,,
2025-08-26T10:00:00Z,0.0,0.0,,,,
2025-08-26T11:00:00Z,0.0,0.0,,,,
2025-08-26T12:00:00Z,0.0,0.0,,,,
2025-08-26T13:00:00Z,0.0,0.0,,,,
2025-08-26T14:00:00Z,0.0,0.0,,,,
2025-08-26T15:00:00Z,0.0,0.0,,,,
2025-08-26T16:00:00Z,0.0,0.0,,,,
2025-08-26T17:00:00Z,0.0,0.0,,,,
2025-08-26T18:00:00Z,0.0,0.0,,,,
2025-08-26T19:00:00Z,0.0,0.0,,,,
2025-08-26T20:00:00Z,0.0,0.0,,,,
2025-08-26T21:00:00Z,0.0,0.0,,,,
2025-08-26T22:00:00Z,0.0,0.0,,,,
2025-08-26T23:00:00Z,0.0,0.0,,,,
2025-08-27T00:00:00Z,0.0,0.0,,,,
2025-08-27T01:00:00Z,0.0,0.0,,,,
2025-08-27T02:00:00Z,0.0,0.0,,,,
2025-08-27T03:00:00Z,0.0,0.0,,,,
2025-08-27T04:00:00Z,0.0,0.0,,,,
2025-08-27T05:00:00Z,0.0,0.0,,,,
2025-08-27T06:00:00Z,0.0,0.0,,,,
2025-08-27T07:00:00Z,0.0,0.0,,,,
2025-08-27T08:00:00Z,0.0,0.0,,,,
2025-08-27T09:00:00Z,0.0,0.0,,,,
2025-08-27T10:00:00Z,0.0,0.0,,,,
2025-08-27T11:00:00Z,0.0,0.0,,,,
2025-08-27T12:00:00Z,0.0,0.0,,,,
2025-08-27T13:00:00Z,0.0,0.0,,,,
2025-08-27T14:00:00Z,0.0,0.0,,,,
2025-08-27T15:00:00Z,0.0,0.0,,,,
2025-08-27T16:00:00Z,0.0,0.0,,,,
2025-08-27T17:00:00Z,0.0,0.0,,,,
2025-08-27T18:00:00Z,0.0,0.0,,,,
2025-08-27T19:00:00Z,0.0,0.0,,,,
2025-08-27T20:00:00Z,0.0,0.0,,,,
2025-08-27T21:00:00Z,0.0,0.0,,,,
2025-08-27T22:00:00Z,0.0,0.0,,,,
2025-08-27T23:00:00Z,0.0,0.0,,,,
2025-08-28T00:00:00Z,0.0,0.0,,,,
2025-08-28T01:00:00Z,0.0,0.0,,,,
2025-08-28T02:00:00Z,0.0,0.0,,,,
2025-08-28T03:00:00Z,0.0,0.0,,,,
2025-08-28T04:00:00Z,0.0,0.0,,,,
2025-08-28T05:00:00Z,0.0,0.0,,,,
2025-08-28T06:00:00Z,0.0,0.0,,,,
2025-08-28T07:00:00Z,0.0,0.0,,,,
2025-08-28T08:00:00Z,0.0,0.0,,,,
2025-08-28T09:00:00Z,0.0,0.0,,,,
2025-08-28T10:00:00Z,0.0,0.0,,,,
2025-08-28T11:00:00Z,0.0,0.0,,,,
2025-08-28T12:00:00Z,0.0,0.0,,,,
2025-08-28T13:00:00Z,0.0,0.0,,,,
2025-08-28T14:00:00Z,0.0,0.0,,,,
2025-08-28T15:00:00Z,0.0,0.0,,,,
2025-08-28T16:00:00Z,0.0,0.0,,,,
2025-08-28T17:00:00Z,0.0,0.0,,,,
2025-08-28T18:00:00Z,0.0,0.0,,,,
2025-08-28T19:00:00Z,0.0,0.0,,,,
2025-08-28T20:00:00Z,0.0,0.0,,,,
2025-08-28T21:00:00Z,0.0,0.0,,,,
2025-08-28T22:00:00Z,0.0,0.0,,,,
2025-08-28T23:00:00Z,0.0,0.0,,,,
2025-08-29T00:00:00Z,0.0,0.0,,,,
2025-08-29T01:00:00Z,0.0,0.0,,,,
2025-08-29T02:00:00Z,0.0,0.0,,,,
2025-08-29T03:00:00Z,0.0,0.0,,,,
2025-08-29T04:00:00Z,0.0,0.0,,,,
2025-08-29T05:00:00Z,0.0,0.0,,,,
2025-08-29T06:00:00Z,0.0,0.0,,,,
2025-08-29T07:00:00Z,0.0,0.0,,,,
2025-08-29T08:00:00Z,0.0,0.0,,,,
2025-08-29T09:00:00Z,0.0,0.0,,,,
2025-08-29T10:00:00Z,0.0,0.0,,,,
2025-08-29T11:00:00Z,0.0,0.0,,,,
2025-08-29T12:00:00Z,0.0,0.0,,,,
2025-08-29T13:00:00Z,0.0,0.0,,,,
2025-08-29T14:00:00Z,0.0,0.0,,,,
2025-08-29T15:00:00Z,0.0,0.0,,,,
2025-08-29T16:00:00Z,0.0,0.0,,,,
2025-08-29T17:00:00Z,0.0,0.0,,,,
2025-08-29T18:00:00Z,0.0,0.0,,,,
2025-08-29T19:00:00Z,0.0,0.0,,,,
2025-08-29T20:00:00Z,0.0,0.0,,,,
2025-08-29T21:00:00Z,0.0,0.0,,,,
2025-08-29T22:00:00Z,0.0,0.0,,,,
2025-08-29T23:00:00Z,0.0,0.0,,,,
2025-08-30T00:00:00Z,0.0,0.0,,,,
2025-08-30T01:00:00Z,0.0,0.0,,,,
2025-08-30T02:00:00Z,0.0,0.0,,,,
2025-08-30T03:00:00Z,0.0,0.0,,,,
2025-08-30T04:00:00Z,0.0,0.0,,,,
2025-08-30T05:00:00Z,0.0,0.0,,,,
2025-08-30T06:00:00Z,0.0,0.0,,,,
2025-08-30T07:00:00Z,0.0,0.0,,,,
2025-08-30T08:00:00Z,0.0,0.0,,,,
2025-08-30T09:00:00Z,0.0,0.0,,,,
2025-08-30T10:00:00Z,0.0,0.0,,,,
2025-08-30T11:00:00Z,0.0,0.0,,,,
2025-08-30T12:00:00Z,0.0,0.0,,,,
2025-08-30T13:00:00Z,0.0,0.0,,,,
2025-08-30T14:00:00Z,0.0,0.0,,,,
2025-08-30T15:00:00Z,0.0,0.0,,,,
2025-08-30T16:00:00Z,0.0,0.0,,,,
2025-08-30T17:00:00Z,0.0,0.0,,,,
2025-08-30T18:00:00Z,0.0,0.0,,,,
2025-08-30T19:00:00Z,0.0,0.0,,,,
2025-08-30T20:00:00Z,0.0,0.0,,,,
2025-08-30T21:00:00Z,0.0,0.0,,,,
2025-08-30T22:00:00Z,0.0,0.0,,,,
2025-08-30T23:00:00Z,0.0,0.0,,,,
2025-08-31T00:00:00Z,0.0,0.0,,,,
2025-08-31T01:00:00Z,0.0,0.0,,,,
2025-08-31T02:00:00Z,0.0,0.0,,,,
2025-08-31T03:00:00Z,0.0,0.0,,,,
2025-08-31T04:00:00Z,0.0,0.0,,,,
2025-08-31T05:00:00Z,0.0,0.0,,,,
2025-08-31T06:00:00Z,0.0,0.0,,,,
2025-08-31T07:00:00Z,0.0,0.0,,,,
2025-08-31T08:00:00Z,0.0,0.0,,,,
2025-08-31T09:00:00Z,0.0,0.0,,,,
2025-08-31T10:00:00Z,0.0,0.0,,,,
2025-08-31T11:00:00Z,0.0,0.0,,,,
2025-08-31T12:00:00Z,0.0,0.0,,,,
2025-08-31T13:00:00Z,0.0,0.0,,,,
2025-08-31T14:00:00Z,0.0,0.0,,,,
2025-08-31T15:00:00Z,0.0,0.0,,,,
2025-08-31T16:00:00Z,0.0,0.0,,,,
2025-08-31T17:00:00Z,0.0,0.0,,,,
2025-08-31T18:00:00Z,0.0,0.0,,,,
2025-08-31T19:00:00Z,0.0,0.0,,,,
2025-08-31T20:00:00Z,0.0,0.0,,,,
2025-08-31T21:00:00Z,0.0,0.0,,,,
2025-08-31T22:00:00Z,0.0,0.0,,,,
2025-08-31T23:00:00Z,0.0,0.0,,,,
2025-09-01T00:00:00Z,0.0,0.0,,,,
2025-09-01T01:00:00Z,0.0,0.0,,,,
2025-09-01T02:00:00Z,0.0,0.0,,,,
2025-09-01T03:00:00Z,0.0,0.0,,,,
2025-09-01T04:00:00Z,0.0,0.0,,,,
2025-09-01T05:00:00Z,0.0,0.0,,,,
2025-09-01T06:00:00Z,0.0,0.0,,,,
2025-09-01T07:00:00Z,0.0,0.0,,,,
2025-09-01T08:00:00Z,0.0,0.0,,,,
2025-09-01T09:00:00Z,0.0,0.0,,,,
2025-09-01T10:00:00Z,0.0,0.0,,,,
2025-09-01T11:00:00Z,0.0,0.0,,,,
2025-09-01T12:00:00Z,0.0,0.0,,,,
2025-09-01T13:00:00Z,0.0,0.0,,,,
2025-09-01T14:00:00Z,0.0,0.0,,,,
2025-09-01T15:00:00Z,0.0,0.0,,,,
2025-09-01T16:00:00Z,0.0,0.0,,,,
2025-09-01T17:00:00Z,0.0,0.0,,,,
2025-09-01T18:00:00Z,0.0,0.0,,,,
2025-09-01T19:00:00Z,0.0,0.0,,,,
2025-09-01T20:00:00Z,0.0,0.0,,,,
2025-09-01T21:00:00Z,0.0,0.0,,,,
2025-09-01T22:00:00Z,0.0,0.0,,,,
2025-09-01T23:00:00Z,0.0,0.0,,,,
2025-09-02T00:00:00Z,0.0,0.0,,,,
2025-09-02T01:00:00Z,0.0,0.0,,,,
2025-09-02T02:00:00Z,0.0,0.0,,,,
2025-09-02T03:00:00Z,0.0,0.0,,,,
2025-09-02T04:00:00Z,0.0,0.0,,,,
2025-09-02T05:00:00Z,0.0,0.0,,,,
2025-09-02T06:00:00Z,0.0,0.0,,,,
2025-09-02T07:00:00Z,0.0,0.0,,,,
2025-09-02T08:00:00Z,0.0,0.0,,,,
2025-09-02T09:00:00Z,0.0,0.0,,,,
2025-09-02T10:00:00Z,0.0,0.0,,,,
2025-09-02T11:00:00Z,0.0,0.0,,,,
2025-09-02T12:00:00Z,0.0,0.0,,,,
2025-09-02T13:00:00Z,0.0,0.0,,,,
2025-09-02T14:00:00Z,0.0,0.0,,,,
2025-09-02T15:00:00Z,0.0,0.0,,,,
2025-09-02T16:00:00Z,0.0,0.0,,,,
2025-09-02T17:00:00Z,0.0,0.0,,,,
2025-09-02T18:00:00Z,0.0,0.0,,,,
2025-09-02T19:00:00Z,0.0,0.0,,,,
2025-09-02T20:00:00Z,0.0,0.0,,,,
2025-09-02T21:00:00Z,0.0,0.0,,,,
2025-09-02T22:00:00Z,0.0,0.0,,,,
2025-09-02T23:00:00Z,0.0,0.0,,,,
2025-09-03T00:00:00Z,0.0,0.0,,,,
2025-09-03T01:00:00Z,0.0,0.0,,,,
2025-09-03T02:00:00Z,0.0,0.0,,,,
2025-09-03T03:00:00Z,0.0,0.0,,,,
2025-09-03T04:00:00Z,0.0,0.0,,,,
2025-09-03T05:00:00Z,0.0,0.0,,,,
2025-09-03T06:00:00Z,0.0,0.0,,,,
2025-09-03T07:00:00Z,0.0,0.0,,,,
2025-09-03T08:00:00Z,0.0,0.0,,,,
2025-09-03T09:00:00Z,0.0,0.0,,,,
2025-09-03T10:00:00Z,0.0,0.0,,,,
2025-09-03T11:00:00Z,0.0,0.0,,,,
2025-09-03T12:00:00Z,0.0,0.0,,,,
2025-09-03T13:00:00Z,0.0,0.0,,,,
2025-09-03T14:00:00Z,0.0,0.0,,,,
2025-09-03T15:00:00Z,0.0,0.0,,,,
2025-09-03T16:00:00Z,0.0,0.0,,,,
2025-09-03T17:00:00Z,0.0,0.0,,,,
2025-09-03T18:00:00Z,0.0,0.0,,,,
2025-09-03T19:00:00Z,0.0,0.0,,,,
2025-09-03T20:00:00Z,5504028.344412,0.0,0.989551,0.998902,,
2025-09-03T21:00:00Z,0.0,0.0,,,,
2025-09-03T22:00:00Z,0.0,0.0,,,,
2025-09-03T23:00:00Z,0.0,0.0,,,,
2025-09-04T00:00:00Z,0.0,0.0,,,,
2025-09-04T01:00:00Z,0.0,0.0,,,,
2025-09-04T02:00:00Z,0.0,0.0,,,,
2025-09-04T03:00:00Z,0.0,0.0,,,,
2025-09-04T04:00:00Z,0.0,0.0,,,,
2025-09-04T05:00:00Z,0.0,0.0,,,,
2025-09-04T06:00:00Z,0.0,0.0,,,,
2025-09-04T07:00:00Z,0.0,0.0,,,,
2025-09-04T08:00:00Z,0.0,0.0,,,,
2025-09-04T09:00:00Z,0.0,0.0,,,,
2025-09-04T10:00:00Z,0.0,0.0,,,,
2025-09-04T11:00:00Z,0.0,0.0,,,,
2025-09-04T12:00:00Z,0.0,0.0,,,,
2025-09-04T13:00:00Z,0.0,0.0,,,,
2025-09-04T14:00:00Z,0.0,0.0,,,,
2025-09-04T15:00:00Z,0.0,0.0,,,,
2025-09-04T16:00:00Z,0.0,0.0,,,,
2025-09-04T17:00:00Z,0.0,0.0,,,,
2025-09-04T18:00:00Z,0.0,0.0,,,,
2025-09-04T19:00:00Z,0.0,0.0,,,,
2025-09-04T20:00:00Z,0.0,0.0,,,,
2025-09-04T21:00:00Z,0.0,0.0,,,,
2025-09-04T22:00:00Z,0.0,0.0,,,,
2025-09-04T23:00:00Z,0.0,0.0,,,,
2025-09-05T00:00:00Z,0.0,0.0,,,,
2025-09-05T01:00:00Z,0.0,0.0,,,,
2025-09-05T02:00:00Z,0.0,0.0,,,,
2025-09-05T03:00:00Z,0.0,0.0,,,,
2025-09-05T04:00:00Z,0.0,0.0,,,,
2025-09-05T05:00:00Z,0.0,0.0,,,,
2025-09-05T06:00:00Z,0.0,0.0,,,,
2025-09-05T07:00:00Z,0.0,0.0,,,,
2025-09-05T08:00:00Z,0.0,0.0,,,,
2025-09-05T09:00:00Z,0.0,0.0,,,,
2025-09-05T10:00:00Z,0.0,0.0,,,,
2025-09-05T11:00:00Z,0.0,0.0,,,,
2025-09-05T12:00:00Z,0.0,0.0,,,,
2025-09-05T13:00:00Z,0.0,0.0,,,,
2025-09-05T14:00:00Z,0.0,0.0,,,,
2025-09-05T15:00:00Z,0.0,0.0,,,,
2025-09-05T16:00:00Z,0.0,0.0,,,,
2025-09-05T17:00:00Z,0.0,0.0,,,,
2025-09-05T18:00:00Z,0.0,0.0,,,,
2025-09-05T19:00:00Z,0.0,0.0,,,,
2025-09-05T20:00:00Z,0.0,0.0,,,,
2025-09-05T21:00:00Z,0.0,0.0,,,,
2025-09-05T22:00:00Z,0.0,0.0,,,,
2025-09-05T23:00:00Z,0.0,0.0,,,,
2025-09-06T00:00:00Z,0.0,0.0,,,,
2025-09-06T01:00:00Z,0.0,0.0,,,,
2025-09-06T02:00:00Z,0.0,0.0,,,,
2025-09-06T03:00:00Z,0.0,0.0,,,,
2025-09-06T04:00:00Z,0.0,0.0,,,,
2025-09-06T05:00:00Z,0.0,0.0,,,,
2025-09-06T06:00:00Z,0.0,0.0,,,,
2025-09-06T07:00:00Z,0.0,0.0,,,,
2025-09-06T08:00:00Z,0.0,0.0,,,,
2025-09-06T09:00:00Z,0.0,0.0,,,,
2025-09-06T10:00:00Z,0.0,0.0,,,,
2025-09-06T11:00:00Z,0.0,0.0,,,,
2025-09-06T12:00:00Z,0.0,0.0,,,,
2025-09-06T13:00:00Z,0.0,0.0,,,,
2025-09-06T14:00:00Z,0.0,0.0,,,,
2025-09-06T15:00:00Z,0.0,0.0,,,,
2025-09-06T16:00:00Z,0.0,0.0,,,,
2025-09-06T17:00:00Z,0.0,0.0,,,,
2025-09-06T18:00:00Z,0.0,0.0,,,,
2025-09-06T19:00:00Z,0.0,0.0,,,,
2025-09-06T20:00:00Z,0.0,0.0,,,,
2025-09-06T21:00:00Z,0.0,0.0,,,,
2025-09-06T22:00:00Z,0.0,0.0,,,,
2025-09-06T23:00:00Z,0.0,0.0,,,,
2025-09-07T00:00:00Z,0.0,0.0,,,,
2025-09-07T01:00:00Z,0.0,0.0,,,,
2025-09-07T02:00:00Z,0.0,0.0,,,,
2025-09-07T03:00:00Z,0.0,0.0,,,,
2025-09-07T04:00:00Z,0.0,0.0,,,,
2025-09-07T05:00:00Z,0.0,0.0,,,,
2025-09-07T06:00:00Z,0.0,0.0,,,,
2025-09-07T07:00:00Z,0.0,0.0,,,,
2025-09-07T08:00:00Z,0.0,0.0,,,,
2025-09-07T09:00:00Z,0.0,0.0,,,,
2025-09-07T10:00:00Z,0.0,0.0,,,,
2025-09-07T11:00:00Z,0.0,0.0,,,,
2025-09-07T12:00:00Z,0.0,0.0,,,,
2025-09-07T13:00:00Z,0.0,0.0,,,,
2025-09-07T14:00:00Z,0.0,0.0,,,,
2025-09-07T15:00:00Z,0.0,0.0,,,,
2025-09-07T16:00:00Z,0.0,0.0,,,,
2025-09-07T17:00:00Z,0.0,0.0,,,,
2025-09-07T18:00:00Z,0.0,0.0,,,,
2025-09-07T19:00:00Z,0.0,0.0,,,,
2025-09-07T20:00:00Z,0.0,0.0,,,,
2025-09-07T21:00:00Z,0.0,0.0,,,,
2025-09-07T22:00:00Z,0.0,0.0,,,,
2025-09-07T23:00:00Z,0.0,0.0,,,,
2025-09-08T00:00:00Z,0.0,0.0,,,,
2025-09-08T01:00:00Z,0.0,0.0,,,,
2025-09-08T02:00:00Z,0.0,0.0,,,,
2025-09-08T03:00:00Z,0.0,0.0,,,,
2025-09-08T04:00:00Z,0.0,0.0,,,,
2025-09-08T05:00:00Z,0.0,0.0,,,,
2025-09-08T06:00:00Z,0.0,0.0,,,,
2025-09-08T07:00:00Z,0.0,0.0,,,,
2025-09-08T08:00:00Z,0.0,0.0,,,,
2025-09-08T09:00:00Z,0.0,0.0,,,,
2025-09-08T10:00:00Z,0.0,0.0,,,,
2025-09-08T11:00:00Z,0.0,0.0,,,,
2025-09-08T12:00:00Z,0.0,0.0,,,,
2025-09-08T13:00:00Z,0.0,0.0,,,,
2025-09-08T14:00:00Z,0.0,0.0,,,,
2025-09-08T15:00:00Z,0.0,0.0,,,,
2025-09-08T16:00:00Z,0.0,0.0,,,,
2025-09-08T17:00:00Z,0.0,0.0,,,,
2025-09-08T18:00:00Z,0.0,0.0,,,,
2025-09-08T19:00:00Z,0.0,0.0,,,,
2025-09-08T20:00:00Z,0.0,0.0,,,,
2025-09-08T21:00:00Z,0.0,0.0,,,,
2025-09-08T22:00:00Z,0.0,0.0,,,,
2025-09-08T23:00:00Z,0.0,0.0,,,,
2025-09-09T00:00:00Z,0.0,0.0,,,,
2025-09-09T01:00:00Z,0.0,0.0,,,,
2025-09-09T02:00:00Z,0.0,0.0,,,,
2025-09-09T03:00:00Z,0.0,0.0,,,,
2025-09-09T04:00:00Z,0.0,0.0,,,,
2025-09-09T05:00:00Z,0.0,0.0,,,,
2025-09-09T06:00:00Z,0.0,0.0,,,,
2025-09-09T07:00:00Z,0.0,0.0,,,,
2025-09-09T08:00:00Z,0.0,0.0,,,,
2025-09-09T09:00:00Z,0.0,0.0,,,,
2025-09-09T10:00:00Z,0.0,0.0,,,,
2025-09-09T11:00:00Z,0.0,0.0,,,,
2025-09-09T12:00:00Z,0.0,0.0,,,,
2025-09-09T13:00:00Z,0.0,0.0,,,,
2025-09-09T14:00:00Z,0.0,0.0,,,,
2025-09-09T15:00:00Z,0.0,0.0,,,,
2025-09-09T16:00:00Z,0.0,0.0,,,,
2025-09-09T17:00:00Z,0.0,0.0,,,,
2025-09-09T18:00:00Z,0.0,0.0,,,,
2025-09-09T19:00:00Z,0.0,0.0,,,,
2025-09-09T20:00:00Z,0.0,0.0,,,,
2025-09-09T21:00:00Z,0.0,0.0,,,,
2025-09-09T22:00:00Z,0.0,0.0,,,,
2025-09-09T23:00:00Z,0.0,0.0,,,,
2025-09-10T00:00:00Z,0.0,0.0,,,,
2025-09-10T01:00:00Z,0.0,0.0,,,,
2025-09-10T02:00:00Z,0.0,0.0,,,,
2025-09-10T03:00:00Z,0.0,0.0,,,,
2025-09-10T04:00:00Z,0.0,0.0,,,,
2025-09-10T05:00:00Z,0.0,0.0,,,,
2025-09-10T06:00:00Z,0.0,0.0,,,,
2025-09-10T07:00:00Z,0.0,0.0,,,,
2025-09-10T08:00:00Z,0.0,0.0,,,,
2025-09-10T09:00:00Z,0.0,0.0,,,,
2025-09-10T10:00:00Z,381885.632628,0.0,0.994764,0.994764,,
2025-09-10T11:00:00Z,0.0,0.0,,,,
2025-09-10T12:00:00Z,0.0,0.0,,,,
2025-09-10T13:00:00Z,0.0,0.0,,,,
2025-09-10T14:00:00Z,0.0,0.0,,,,
2025-09-10T15:00:00Z,0.0,0.0,,,,
2025-09-10T16:00:00Z,0.0,0.0,,,,
2025-09-10T17:00:00Z,0.0,0.0,,,,
2025-09-10T18:00:00Z,0.0,0.0,,,,
2025-09-10T19:00:00Z,0.0,0.0,,,,
2025-09-10T20:00:00Z,0.0,0.0,,,,
2025-09-10T21:00:00Z,0.0,0.0,,,,
2025-09-10T22:00:00Z,0.0,0.0,,,,
2025-09-10T23:00:00Z,0.0,0.0,,,,
2025-09-11T00:00:00Z,0.0,0.0,,,,
2025-09-11T01:00:00Z,0.0,0.0,,,,
2025-09-11T02:00:00Z,0.0,0.0,,,,
2025-09-11T03:00:00Z,0.0,0.0,,,,
2025-09-11T04:00:00Z,0.0,0.0,,,,
2025-09-11T05:00:00Z,0.0,0.0,,,,
2025-09-11T06:00:00Z,0.0,0.0,,,,
2025-09-11T07:00:00Z,0.0,0.0,,,,
2025-09-11T08:00:00Z,0.0,0.0,,,,
2025-09-11T09:00:00Z,0.0,0.0,,,,
2025-09-11T10:00:00Z,220081.0,0.0,0.994628,0.994628,,
2025-09-11T11:00:00Z,0.0,0.0,,,,
2025-09-11T12:00:00Z,0.0,0.0,,,,
2025-09-11T13:00:00Z,0.0,0.0,,,,
2025-09-11T14:00:00Z,0.0,0.0,,,,
2025-09-11T15:00:00Z,0.0,0.0,,,,
2025-09-11T16:00:00Z,0.0,0.0,,,,
2025-09-11T17:00:00Z,0.0,0.0,,,,
2025-09-11T18:00:00Z,0.0,0.0,,,,
2025-09-11T19:00:00Z,0.0,0.0,,,,
2025-09-11T20:00:00Z,0.0,0.0,,,,
2025-09-11T21:00:00Z,0.0,0.0,,,,
2025-09-11T22:00:00Z,0.0,0.0,,,,
2025-09-11T23:00:00Z,0.0,0.0,,,,
2025-09-12T00:00:00Z,0.0,0.0,,,,
2025-09-12T01:00:00Z,0.0,0.0,,,,
2025-09-12T02:00:00Z,0.0,0.0,,,,
2025-09-12T03:00:00Z,0.0,0.0,,,,
2025-09-12T04:00:00Z,0.0,0.0,,,,
2025-09-12T05:00:00Z,0.0,0.0,,,,
2025-09-12T06:00:00Z,0.0,0.0,,,,
2025-09-12T07:00:00Z,0.0,0.0,,,,
2025-09-12T08:00:00Z,0.0,0.0,,,,
2025-09-12T09:00:00Z,0.0,0.0,,,,
2025-09-12T10:00:00Z,0.0,0.0,,,,
2025-09-12T11:00:00Z,0.0,0.0,,,,
2025-09-12T12:00:00Z,0.0,0.0,,,,
2025-09-12T13:00:00Z,0.0,0.0,,,,
2025-09-12T14:00:00Z,0.0,0.0,,,,
2025-09-12T15:00:00Z,0.0,0.0,,,,
2025-09-12T16:00:00Z,0.0,0.0,,,,
2025-09-12T17:00:00Z,0.0,0.0,,,,
2025-09-12T18:00:00Z,0.0,0.0,,,,
2025-09-12T19:00:00Z,364614.66639,554.91,0.998858,0.998999,0.9989,0.9989
2025-09-12T20:00:00Z,5383241.789929,1414.55,0.995825,0.998998,0.9989,0.9989
2025-09-12T21:00:00Z,0.0,0.0,,,,
2025-09-12T22:00:00Z,436.462375,0.0,0.998988,0.998999,,
2025-09-12T23:00:00Z,0.0,0.0,,,,
2025-09-13T00:00:00Z,0.0,0.0,,,,
2025-09-13T01:00:00Z,0.0,0.0,,,,
2025-09-13T02:00:00Z,3985035.065732,0.0,0.98914,0.998307,,
2025-09-13T03:00:00Z,0.0,0.0,,,,
2025-09-13T04:00:00Z,0.0,0.0,,,,
2025-09-13T05:00:00Z,0.0,0.0,,,,
2025-09-13T06:00:00Z,0.0,0.0,,,,
2025-09-13T07:00:00Z,0.0,0.0,,,,
2025-09-13T08:00:00Z,0.0,0.0,,,,
2025-09-13T09:00:00Z,0.0,0.0,,,,
2025-09-13T10:00:00Z,10492921.558999,0.0,0.989257,0.998951,,
2025-09-13T11:00:00Z,0.0,0.0,,,,
2025-09-13T12:00:00Z,0.0,0.0,,,,
2025-09-13T13:00:00Z,0.0,0.0,,,,
2025-09-13T14:00:00Z,0.0,0.0,,,,
2025-09-13T15:00:00Z,0.0,0.0,,,,
2025-09-13T16:00:00Z,0.0,0.0,,,,
2025-09-13T17:00:00Z,0.0,0.0,,,,
2025-09-13T18:00:00Z,0.0,0.0,,,,
2025-09-13T19:00:00Z,0.0,0.0,,,,
2025-09-13T20:00:00Z,0.0,0.0,,,,
2025-09-13T21:00:00Z,0.0,0.0,,,,
2025-09-13T22:00:00Z,0.0,0.0,,,,
2025-09-13T23:00:00Z,0.0,0.0,,,,
2025-09-14T00:00:00Z,10935296.51939,0.0,0.99424,0.998905,,
2025-09-14T01:00:00Z,0.0,0.0,,,,
2025-09-14T02:00:00Z,5062751.599401,0.0,0.989356,0.998577,,
2025-09-14T03:00:00Z,0.0,0.0,,,,
2025-09-14T04:00:00Z,0.0,0.0,,,,
2025-09-14T05:00:00Z,8551450.448192,0.0,0.991732,0.998627,,
2025-09-14T06:00:00Z,0.0,0.0,,,,
2025-09-14T07:00:00Z,0.0,0.0,,,,
2025-09-14T08:00:00Z,0.0,0.0,,,,
2025-09-14T09:00:00Z,0.0,0.0,,,,
2025-09-14T10:00:00Z,0.0,0.0,,,,
2025-09-14T11:00:00Z,0.0,0.0,,,,
2025-09-14T12:00:00Z,0.0,0.0,,,,
2025-09-14T13:00:00Z,0.0,0.0,,,,
2025-09-14T14:00:00Z,0.0,0.0,,,,
2025-09-14T15:00:00Z,0.0,0.0,,,,
2025-09-14T16:00:00Z,0.0,0.0,,,,
2025-09-14T17:00:00Z,4324495.350025,0.0,0.994366,0.998892,,
2025-09-14T18:00:00Z,0.0,0.0,,,,
2025-09-14T19:00:00Z,0.0,0.0,,,,
2025-09-14T20:00:00Z,0.0,0.0,,,,
2025-09-14T21:00:00Z,0.0,0.0,,,,
2025-09-14T22:00:00Z,0.0,0.0,,,,
2025-09-14T23:00:00Z,0.0,0.0,,,,
2025-09-15T00:00:00Z,0.0,0.0,,,,
2025-09-15T01:00:00Z,0.0,0.0,,,,
2025-09-15T02:00:00Z,0.0,0.0,,,,
2025-09-15T03:00:00Z,0.0,0.0,,,,
2025-09-15T04:00:00Z,0.0,0.0,,,,
2025-09-15T05:00:00Z,0.0,0.0,,,,
2025-09-15T06:00:00Z,0.0,0.0,,,,
2025-09-15T07:00:00Z,0.0,0.0,,,,
2025-09-15T08:00:00Z,0.0,0.0,,,,
2025-09-15T09:00:00Z,0.0,0.0,,,,
2025-09-15T10:00:00Z,8386101.69638,0.0,0.973228,0.998811,,
2025-09-15T11:00:00Z,0.0,0.0,,,,
2025-09-15T12:00:00Z,7036663.648162,0.0,0.99626,0.998912,,
2025-09-15T13:00:00Z,0.0,0.0,,,,
2025-09-15T14:00:00Z,0.0,0.0,,,,
2025-09-15T15:00:00Z,0.0,0.0,,,,
2025-09-15T16:00:00Z,0.0,0.0,,,,
2025-09-15T17:00:00Z,0.0,0.0,,,,
2025-09-15T18:00:00Z,0.0,0.0,,,,
2025-09-15T19:00:00Z,0.0,0.0,,,,
2025-09-15T20:00:00Z,0.0,0.0,,,,
2025-09-15T21:00:00Z,0.0,0.0,,,,
2025-09-15T22:00:00Z,0.0,0.0,,,,
2025-09-15T23:00:00Z,0.0,0.0,,,,
2025-09-16T00:00:00Z,0.0,0.0,,,,
2025-09-16T01:00:00Z,0.0,0.0,,,,
2025-09-16T02:00:00Z,0.0,0.0,,,,
2025-09-16T03:00:00Z,0.0,0.0,,,,
2025-09-16T04:00:00Z,0.0,0.0,,,,
2025-09-16T05:00:00Z,0.0,0.0,,,,
2025-09-16T06:00:00Z,0.0,0.0,,,,
2025-09-16T07:00:00Z,0.0,0.0,,,,
2025-09-16T08:00:00Z,0.0,0.0,,,,
2025-09-16T09:00:00Z,0.0,0.0,,,,
2025-09-16T10:00:00Z,0.0,0.0,,,,
2025-09-16T11:00:00Z,0.0,0.0,,,,
2025-09-16T12:00:00Z,0.0,0.0,,,,
2025-09-16T13:00:00Z,0.0,0.0,,,,
2025-09-16T14:00:00Z,0.0,0.0,,,,
2025-09-16T15:00:00Z,0.0,0.0,,,,
2025-09-16T16:00:00Z,0.0,0.0,,,,
2025-09-16T17:00:00Z,0.0,0.0,,,,
2025-09-16T18:00:00Z,0.0,0.0,,,,
2025-09-16T19:00:00Z,0.0,0.0,,,,
2025-09-16T20:00:00Z,0.0,0.0,,,,
2025-09-16T21:00:00Z,0.0,0.0,,,,
2025-09-16T22:00:00Z,0.0,0.0,,,,
2025-09-16T23:00:00Z,0.0,0.0,,,,
2025-09-17T00:00:00Z,0.0,0.0,,,,
2025-09-17T01:00:00Z,0.0,0.0,,,,
2025-09-17T02:00:00Z,0.0,0.0,,,,
2025-09-17T03:00:00Z,3189023.15935,0.0,0.994665,0.998838,,
2025-09-17T04:00:00Z,0.0,0.0,,,,
2025-09-17T05:00:00Z,0.0,0.0,,,,
2025-09-17T06:00:00Z,0.0,0.0,,,,
2025-09-17T07:00:00Z,3760494.019852,0.0,0.994466,0.998911,,
2025-09-17T08:00:00Z,0.0,0.0,,,,
2025-09-17T09:00:00Z,0.0,0.0,,,,
2025-09-17T10:00:00Z,0.0,0.0,,,,
2025-09-17T11:00:00Z,0.0,0.0,,,,
2025-09-17T12:00:00Z,0.0,0.0,,,,
2025-09-17T13:00:00Z,0.0,0.0,,,,
2025-09-17T14:00:00Z,0.0,0.0,,,,
2025-09-17T15:00:00Z,0.0,0.0,,,,
2025-09-17T16:00:00Z,0.0,0.0,,,,
2025-09-17T17:00:00Z,0.0,0.0,,,,
2025-09-17T18:00:00Z,0.0,0.0,,,,
2025-09-17T19:00:00Z,0.0,0.0,,,,
2025-09-17T20:00:00Z,0.0,0.0,,,,
2025-09-17T21:00:00Z,0.0,0.0,,,,
2025-09-17T22:00:00Z,0.0,0.0,,,,
2025-09-17T23:00:00Z,0.0,0.0,,,,
2025-09-18T00:00:00Z,0.0,0.0,,,,
2025-09-18T01:00:00Z,6877358.228482,0.0,0.989455,0.998852,,
2025-09-18T02:00:00Z,0.0,0.0,,,,
2025-09-18T03:00:00Z,6741883.527269,0.0,0.950186,0.997967,,
2025-09-18T04:00:00Z,0.0,0.0,,,,
2025-09-18T05:00:00Z,0.0,0.0,,,,
2025-09-18T06:00:00Z,0.0,0.0,,,,
2025-09-18T07:00:00Z,0.0,0.0,,,,
2025-09-18T08:00:00Z,0.0,0.0,,,,
2025-09-18T09:00:00Z,0.0,0.0,,,,
2025-09-18T10:00:00Z,0.0,0.0,,,,
2025-09-18T11:00:00Z,0.0,0.0,,,,
2025-09-18T12:00:00Z,0.0,0.0,,,,
2025-09-18T13:00:00Z,0.0,0.0,,,,
2025-09-18T14:00:00Z,0.0,0.0,,,,
2025-09-18T15:00:00Z,0.0,0.0,,,,
2025-09-18T16:00:00Z,0.0,0.0,,,,
2025-09-18T17:00:00Z,0.0,0.0,,,,
2025-09-18T18:00:00Z,0.0,0.0,,,,
2025-09-18T19:00:00Z,0.0,0.0,,,,
2025-09-18T20:00:00Z,0.0,0.0,,,,
2025-09-18T21:00:00Z,0.0,0.0,,,,
2025-09-18T22:00:00Z,0.0,0.0,,,,
2025-09-18T23:00:00Z,0.0,0.0,,,,
2025-09-19T00:00:00Z,0.0,0.0,,,,
2025-09-19T01:00:00Z,0.0,0.0,,,,
2025-09-19T02:00:00Z,0.0,0.0,,,,
2025-09-19T03:00:00Z,5850274.366849,0.0,0.980603,0.997804,,
2025-09-19T04:00:00Z,0.0,0.0,,,,
2025-09-19T05:00:00Z,0.0,0.0,,,,
2025-09-19T06:00:00Z,0.0,0.0,,,,
2025-09-19T07:00:00Z,0.0,0.0,,,,
2025-09-19T08:00:00Z,0.0,0.0,,,,
2025-09-19T09:00:00Z,0.0,0.0,,,,
2025-09-19T10:00:00Z,7571816.561878,0.0,0.979563,0.998146,,
2025-09-19T11:00:00Z,0.0,0.0,,,,
2025-09-19T12:00:00Z,0.0,0.0,,,,
2025-09-19T13:00:00Z,0.0,0.0,,,,
2025-09-19T14:00:00Z,0.0,0.0,,,,
2025-09-19T15:00:00Z,0.0,0.0,,,,
2025-09-19T16:00:00Z,0.0,0.0,,,,
2025-09-19T17:00:00Z,0.0,0.0,,,,
2025-09-19T18:00:00Z,0.0,0.0,,,,
2025-09-19T19:00:00Z,0.0,0.0,,,,
2025-09-19T20:00:00Z,0.0,0.0,,,,
2025-09-19T21:00:00Z,0.0,0.0,,,,
2025-09-19T22:00:00Z,0.0,0.0,,,,
2025-09-19T23:00:00Z,1899728.206144,0.0,0.998989,0.998989,,
2025-09-20T00:00:00Z,0.0,0.0,,,,
2025-09-20T01:00:00Z,0.0,0.0,,,,
2025-09-20T02:00:00Z,0.0,0.0,,,,
2025-09-20T03:00:00Z,0.0,0.0,,,,
2025-09-20T04:00:00Z,0.0,0.0,,,,
2025-09-20T05:00:00Z,0.0,0.0,,,,
2025-09-20T06:00:00Z,0.0,0.0,,,,
2025-09-20T07:00:00Z,0.0,0.0,,,,
2025-09-20T08:00:00Z,0.0,0.0,,,,
2025-09-20T09:00:00Z,0.0,0.0,,,,
2025-09-20T10:00:00Z,0.0,0.0,,,,
2025-09-20T11:00:00Z,0.0,0.0,,,,
2025-09-20T12:00:00Z,0.0,0.0,,,,
2025-09-20T13:00:00Z,0.0,0.0,,,,
2025-09-20T14:00:00Z,0.0,0.0,,,,
2025-09-20T15:00:00Z,0.0,0.0,,,,
2025-09-20T16:00:00Z,0.0,0.0,,,,
2025-09-20T17:00:00Z,0.0,0.0,,,,
2025-09-20T18:00:00Z,0.0,0.0,,,,
2025-09-20T19:00:00Z,0.0,0.0,,,,
2025-09-20T20:00:00Z,0.0,0.0,,,,
2025-09-20T21:00:00Z,0.0,0.0,,,,
2025-09-20T22:00:00Z,0.0,0.0,,,,
2025-09-20T23:00:00Z,0.0,0.0,,,,
2025-09-21T00:00:00Z,0.0,0.0,,,,
2025-09-21T01:00:00Z,0.0,0.0,,,,
2025-09-21T02:00:00Z,0.0,0.0,,,,
2025-09-21T03:00:00Z,0.0,0.0,,,,
2025-09-21T04:00:00Z,0.0,0.0,,,,
2025-09-21T05:00:00Z,0.0,0.0,,,,
2025-09-21T06:00:00Z,0.0,0.0,,,,
2025-09-21T07:00:00Z,0.0,0.0,,,,
2025-09-21T08:00:00Z,0.0,0.0,,,,
2025-09-21T09:00:00Z,0.0,0.0,,,,
2025-09-21T10:00:00Z,0.0,0.0,,,,
2025-09-21T11:00:00Z,0.0,0.0,,,,
2025-09-21T12:00:00Z,0.0,0.0,,,,
2025-09-21T13:00:00Z,0.0,0.0,,,,
2025-09-21T14:00:00Z,0.0,0.0,,,,
2025-09-21T15:00:00Z,0.0,0.0,,,,
2025-09-21T16:00:00Z,0.0,0.0,,,,
2025-09-21T17:00:00Z,0.0,0.0,,,,
2025-09-21T18:00:00Z,0.0,0.0,,,,
2025-09-21T19:00:00Z,0.0,0.0,,,,
2025-09-21T20:00:00Z,0.0,0.0,,,,
2025-09-21T21:00:00Z,0.0,0.0,,,,
2025-09-21T22:00:00Z,0.0,0.0,,,,
2025-09-21T23:00:00Z,0.0,0.0,,,,
2025-09-22T00:00:00Z,0.0,0.0,,,,
2025-09-22T01:00:00Z,0.0,0.0,,,,
2025-09-22T02:00:00Z,0.0,0.0,,,,
2025-09-22T03:00:00Z,0.0,0.0,,,,
2025-09-22T04:00:00Z,0.0,0.0,,,,
2025-09-22T05:00:00Z,0.0,0.0,,,,
2025-09-22T06:00:00Z,0.0,423036.68,,,0.9987,0.9989
2025-09-22T07:00:00Z,0.0,0.0,,,,
2025-09-22T08:00:00Z,0.0,0.0,,,,
2025-09-22T09:00:00Z,5414405.357395,0.0,0.994268,0.998954,,
2025-09-22T10:00:00Z,0.0,0.0,,,,
2025-09-22T11:00:00Z,0.0,0.0,,,,
2025-09-22T12:00:00Z,0.0,0.0,,,,
2025-09-22T13:00:00Z,0.0,0.0,,,,
2025-09-22T14:00:00Z,0.0,0.0,,,,
2025-09-22T15:00:00Z,0.0,0.0,,,,
2025-09-22T16:00:00Z,0.0,0.0,,,,
2025-09-22T17:00:00Z,0.0,0.0,,,,
2025-09-22T18:00:00Z,0.0,0.0,,,,
2025-09-22T19:00:00Z,0.0,0.0,,,,
2025-09-22T20:00:00Z,4222550.611903,0.0,0.99412,0.998709,,
2025-09-22T21:00:00Z,0.0,0.0,,,,
2025-09-22T22:00:00Z,0.0,0.0,,,,
2025-09-22T23:00:00Z,3505661.016257,0.0,0.994083,0.998615,,
2025-09-23T00:00:00Z,0.0,0.0,,,,
2025-09-23T01:00:00Z,0.0,0.0,,,,
2025-09-23T02:00:00Z,399785.88848,4395165.79,0.998876,0.998975,0.9988,0.9989
2025-09-23T03:00:00Z,8636201.215081,0.0,0.995971,0.998997,,
2025-09-23T04:00:00Z,6649980.732446,0.0,0.993952,0.998974,,
2025-09-23T05:00:00Z,0.0,0.0,,,,
2025-09-23T06:00:00Z,7204766.04962,0.0,0.949285,0.997982,,
2025-09-23T07:00:00Z,0.0,0.0,,,,
2025-09-23T08:00:00Z,0.0,0.0,,,,
2025-09-23T09:00:00Z,0.0,0.0,,,,
2025-09-23T10:00:00Z,0.0,0.0,,,,
2025-09-23T11:00:00Z,0.0,0.0,,,,
2025-09-23T12:00:00Z,0.0,0.0,,,,
2025-09-23T13:00:00Z,0.0,0.0,,,,
2025-09-23T14:00:00Z,0.0,0.0,,,,
2025-09-23T15:00:00Z,0.0,0.0,,,,
2025-09-23T16:00:00Z,0.0,0.0,,,,
2025-09-23T17:00:00Z,0.0,0.0,,,,
2025-09-23T18:00:00Z,0.0,0.0,,,,
2025-09-23T19:00:00Z,0.0,0.0,,,,
2025-09-23T20:00:00Z,0.0,0.0,,,,
2025-09-23T21:00:00Z,0.0,0.0,,,,
2025-09-23T22:00:00Z,0.0,0.0,,,,
2025-09-23T23:00:00Z,0.0,0.0,,,,
2025-09-24T00:00:00Z,0.0,0.0,,,,
2025-09-24T01:00:00Z,0.0,0.0,,,,
2025-09-24T02:00:00Z,0.0,0.0,,,,
2025-09-24T03:00:00Z,0.0,0.0,,,,
2025-09-24T04:00:00Z,0.0,0.0,,,,
2025-09-24T05:00:00Z,0.0,0.0,,,,
2025-09-24T06:00:00Z,0.0,0.0,,,,
2025-09-24T07:00:00Z,0.0,0.0,,,,
2025-09-24T08:00:00Z,0.0,0.0,,,,
2025-09-24T09:00:00Z,0.0,0.0,,,,
2025-09-24T10:00:00Z,0.0,0.0,,,,
2025-09-24T11:00:00Z,0.0,0.0,,,,
2025-09-24T12:00:00Z,0.0,0.0,,,,
2025-09-24T13:00:00Z,0.0,0.0,,,,
2025-09-24T14:00:00Z,0.0,0.0,,,,
2025-09-24T15:00:00Z,0.0,0.0,,,,
2025-09-24T16:00:00Z,0.0,0.0,,,,
2025-09-24T17:00:00Z,0.0,0.0,,,,
2025-09-24T18:00:00Z,0.0,0.0,,,,
2025-09-24T19:00:00Z,0.0,0.0,,,,
2025-09-24T20:00:00Z,0.0,0.0,,,,
2025-09-24T21:00:00Z,0.0,0.0,,,,
2025-09-24T22:00:00Z,0.0,0.0,,,,
2025-09-24T23:00:00Z,0.0,0.0,,,,
2025-09-25T00:00:00Z,0.0,0.0,,,,
2025-09-25T01:00:00Z,0.0,0.0,,,,
2025-09-25T02:00:00Z,0.0,0.0,,,,
2025-09-25T03:00:00Z,0.0,0.0,,,,
2025-09-25T04:00:00Z,0.0,0.0,,,,
2025-09-25T05:00:00Z,0.0,0.0,,,,
2025-09-25T06:00:00Z,0.0,0.0,,,,
2025-09-25T07:00:00Z,0.0,0.0,,,,
2025-09-25T08:00:00Z,0.0,0.0,,,,
2025-09-25T09:00:00Z,0.0,0.0,,,,
2025-09-25T10:00:00Z,0.0,0.0,,,,
2025-09-25T11:00:00Z,0.0,0.0,,,,
2025-09-25T12:00:00Z,0.0,0.0,,,,
2025-09-25T13:00:00Z,0.0,0.0,,,,
2025-09-25T14:00:00Z,0.0,0.0,,,,
2025-09-25T15:00:00Z,4389677.632802,0.0,0.992501,0.998678,,
2025-09-25T16:00:00Z,0.0,0.0,,,,
2025-09-25T17:00:00Z,0.0,0.0,,,,
2025-09-25T18:00:00Z,0.0,0.0,,,,
2025-09-25T19:00:00Z,0.0,0.0,,,,
2025-09-25T20:00:00Z,0.0,0.0,,,,
2025-09-25T21:00:00Z,0.0,0.0,,,,
2025-09-25T22:00:00Z,0.0,0.0,,,,
2025-09-25T23:00:00Z,0.0,0.0,,,,
2025-09-26T00:00:00Z,0.0,0.0,,,,
2025-09-26T01:00:00Z,0.0,0.0,,,,
2025-09-26T02:00:00Z,0.0,0.0,,,,
2025-09-26T03:00:00Z,0.0,0.0,,,,
2025-09-26T04:00:00Z,0.0,0.0,,,,
2025-09-26T05:00:00Z,0.0,0.0,,,,
2025-09-26T06:00:00Z,0.0,0.0,,,,
2025-09-26T07:00:00Z,0.0,0.0,,,,
2025-09-26T08:00:00Z,472160.99849,0.0,0.99888,0.998972,,
2025-09-26T09:00:00Z,306511.676379,0.0,0.998975,0.998992,,
2025-09-26T10:00:00Z,253479.793836,0.0,0.998968,0.998995,,
2025-09-26T11:00:00Z,0.0,0.0,,,,
2025-09-26T12:00:00Z,0.0,0.0,,,,
2025-09-26T13:00:00Z,0.0,0.0,,,,
2025-09-26T14:00:00Z,0.0,0.0,,,,
2025-09-26T15:00:00Z,0.0,0.0,,,,
2025-09-26T16:00:00Z,0.0,0.0,,,,
2025-09-26T17:00:00Z,0.0,0.0,,,,
2025-09-26T18:00:00Z,0.0,0.0,,,,
2025-09-26T19:00:00Z,0.0,0.0,,,,
2025-09-26T20:00:00Z,0.0,0.0,,,,
2025-09-26T21:00:00Z,0.0,0.0,,,,
2025-09-26T22:00:00Z,0.0,0.0,,,,
2025-09-26T23:00:00Z,0.0,0.0,,,,
2025-09-27T00:00:00Z,0.0,0.0,,,,
2025-09-27T01:00:00Z,0.0,0.0,,,,
2025-09-27T02:00:00Z,0.0,0.0,,,,
2025-09-27T03:00:00Z,0.0,0.0,,,,
2025-09-27T04:00:00Z,0.0,0.0,,,,
2025-09-27T05:00:00Z,0.0,0.0,,,,
2025-09-27T06:00:00Z,0.0,0.0,,,,
2025-09-27T07:00:00Z,0.0,0.0,,,,
2025-09-27T08:00:00Z,0.0,0.0,,,,
2025-09-27T09:00:00Z,0.0,0.0,,,,
2025-09-27T10:00:00Z,0.0,0.0,,,,
2025-09-27T11:00:00Z,0.0,0.0,,,,
2025-09-27T12:00:00Z,0.0,0.0,,,,
2025-09-27T13:00:00Z,0.0,0.0,,,,
2025-09-27T14:00:00Z,0.0,0.0,,,,
2025-09-27T15:00:00Z,0.0,0.0,,,,
2025-09-27T16:00:00Z,0.0,0.0,,,,
2025-09-27T17:00:00Z,0.0,0.0,,,,
2025-09-27T18:00:00Z,0.0,0.0,,,,
2025-09-27T19:00:00Z,0.0,0.0,,,,
2025-09-27T20:00:00Z,0.0,0.0,,,,
2025-09-27T21:00:00Z,0.0,0.0,,,,
2025-09-27T22:00:00Z,0.0,0.0,,,,
2025-09-27T23:00:00Z,0.0,0.0,,,,
2025-09-28T00:00:00Z,0.0,0.0,,,,
2025-09-28T01:00:00Z,0.0,0.0,,,,
2025-09-28T02:00:00Z,0.0,0.0,,,,
2025-09-28T03:00:00Z,0.0,0.0,,,,
2025-09-28T04:00:00Z,0.0,0.0,,,,
2025-09-28T05:00:00Z,0.0,0.0,,,,
2025-09-28T06:00:00Z,0.0,0.0,,,,
2025-09-28T07:00:00Z,0.0,0.0,,,,
2025-09-28T08:00:00Z,0.0,0.0,,,,
2025-09-28T09:00:00Z,0.0,0.0,,,,
2025-09-28T10:00:00Z,0.0,0.0,,,,
2025-09-28T11:00:00Z,0.0,0.0,,,,
2025-09-28T12:00:00Z,0.0,0.0,,,,
2025-09-28T13:00:00Z,0.0,0.0,,,,
2025-09-28T14:00:00Z,0.0,0.0,,,,
2025-09-28T15:00:00Z,0.0,0.0,,,,
2025-09-28T16:00:00Z,0.0,0.0,,,,
2025-09-28T17:00:00Z,0.0,0.0,,,,
2025-09-28T18:00:00Z,0.0,0.0,,,,
2025-09-28T19:00:00Z,0.0,0.0,,,,
2025-09-28T20:00:00Z,0.0,0.0,,,,
2025-09-28T21:00:00Z,0.0,0.0,,,,
2025-09-28T22:00:00Z,0.0,0.0,,,,
2025-09-28T23:00:00Z,0.0,0.0,,,,
2025-09-29T00:00:00Z,0.0,0.0,,,,
2025-09-29T01:00:00Z,0.0,0.0,,,,
2025-09-29T02:00:00Z,0.0,0.0,,,,
2025-09-29T03:00:00Z,0.0,0.0,,,,
2025-09-29T04:00:00Z,0.0,0.0,,,,
2025-09-29T05:00:00Z,0.0,0.0,,,,
2025-09-29T06:00:00Z,0.0,0.0,,,,
2025-09-29T07:00:00Z,0.0,0.0,,,,
2025-09-29T08:00:00Z,0.0,0.0,,,,
2025-09-29T09:00:00Z,0.0,0.0,,,,
2025-09-29T10:00:00Z,0.0,0.0,,,,
2025-09-29T11:00:00Z,0.0,0.0,,,,
2025-09-29T12:00:00Z,0.0,0.0,,,,
2025-09-29T13:00:00Z,0.0,0.0,,,,
2025-09-29T14:00:00Z,0.0,0.0,,,,
2025-09-29T15:00:00Z,0.0,0.0,,,,
2025-09-29T16:00:00Z,0.0,0.0,,,,
2025-09-29T17:00:00Z,0.0,0.0,,,,
2025-09-29T18:00:00Z,0.0,0.0,,,,
2025-09-29T19:00:00Z,0.0,0.0,,,,
2025-09-29T20:00:00Z,0.0,0.0,,,,
2025-09-29T21:00:00Z,0.0,0.0,,,,
2025-09-29T22:00:00Z,0.0,0.0,,,,
2025-09-29T23:00:00Z,0.0,0.0,,,,
2025-09-30T00:00:00Z,181075.053593,0.0,0.998973,0.998973,,
2025-09-30T01:00:00Z,0.0,0.0,,,,
2025-09-30T02:00:00Z,0.0,0.0,,,,
2025-09-30T03:00:00Z,4708200.439133,0.0,0.989157,0.998443,,
2025-09-30T04:00:00Z,0.0,0.0,,,,
2025-09-30T05:00:00Z,1788978.37,0.0,0.998998,0.998998,,
2025-09-30T06:00:00Z,0.0,0.0,,,,
2025-09-30T07:00:00Z,0.0,0.0,,,,
2025-09-30T08:00:00Z,0.0,0.0,,,,
2025-09-30T09:00:00Z,0.0,0.0,,,,
2025-09-30T10:00:00Z,0.0,0.0,,,,
2025-09-30T11:00:00Z,0.0,0.0,,,,
2025-09-30T12:00:00Z,0.0,0.0,,,,
2025-09-30T13:00:00Z,0.0,0.0,,,,
2025-09-30T14:00:00Z,0.0,0.0,,,,
2025-09-30T15:00:00Z,0.0,0.0,,,,
2025-09-30T16:00:00Z,0.0,0.0,,,,
2025-09-30T17:00:00Z,0.0,0.0,,,,
2025-09-30T18:00:00Z,0.0,0.0,,,,
2025-09-30T19:00:00Z,0.0,0.0,,,,
2025-09-30T20:00:00Z,0.0,0.0,,,,
2025-09-30T21:00:00Z,0.0,0.0,,,,
2025-09-30T22:00:00Z,0.0,0.0,,,,
2025-09-30T23:00:00Z,0.0,0.0,,,,
